determinism,model,dataset,pop_size,generations,halloffame_ratio,fitness_alpha,allowed_mutations,include_sink,mut_prob,crossover_prob,genetic_topk,mutation_params,generation_strategy,ignore_genetic_split,jaccard_threshold,seed,target,targeted,baseline,categorized,split,count,fidelity_score_at_1,fidelity_score_at_5,fidelity_score_at_10,fidelity_score_at_20
True,BERT4Rec,ml-100k,1024,10,0,0.5,"('replace', 'swap', 'add', 'delete', 'shuffle', 'reverse')",True,0.5,0.7,1,"(1, 1, 1)",targeted,True,0.5,42,50,True,educated,False,"(None, 10, None)",904,0.01327433628318584,0.0,0.0,0.0
True,BERT4Rec,ml-100k,1024,10,0,0.5,"('replace', 'swap', 'add', 'delete', 'shuffle', 'reverse')",True,0.5,0.7,1,"(1, 1, 1)",targeted,True,0.5,42,411,True,educated,False,"(None, 10, None)",904,0.0,0.0,0.0,0.0
True,BERT4Rec,ml-100k,1024,10,0,0.5,"('replace', 'swap', 'add', 'delete', 'shuffle', 'reverse')",True,0.5,0.7,1,"(1, 1, 1)",targeted,True,0.5,42,630,True,educated,False,"(None, 10, None)",904,0.0,0.0,0.0,0.0
True,BERT4Rec,ml-100k,1024,10,0,0.5,"('replace', 'swap', 'add', 'delete', 'shuffle', 'reverse')",True,0.5,0.7,1,"(1, 1, 1)",targeted,True,0.5,42,1305,True,educated,False,"(None, 10, None)",904,0.0,0.0,0.0,0.0
True,BERT4Rec,ml-100k,1024,10,0,0.5,"('replace', 'swap', 'add', 'delete', 'shuffle', 'reverse')",True,0.5,0.7,1,"(1, 1, 1)",targeted,True,0.5,42,Action,True,educated,True,"(None, 10, None)",775,0.3032258064516129,0.34838709677419355,0.3406451612903226,0.3161290322580645
True,BERT4Rec,ml-100k,1024,10,0,0.5,"('replace', 'swap', 'add', 'delete', 'shuffle', 'reverse')",True,0.5,0.7,1,"(1, 1, 1)",targeted,True,0.5,42,Adventure,True,educated,True,"(None, 10, None)",775,0.16129032258064516,0.14580645161290323,0.11096774193548387,0.06838709677419355
True,BERT4Rec,ml-100k,1024,10,0,0.5,"('replace', 'swap', 'add', 'delete', 'shuffle', 'reverse')",True,0.5,0.7,1,"(1, 1, 1)",targeted,True,0.5,42,Animation,True,educated,True,"(None, 10, None)",775,0.024516129032258065,0.011612903225806452,0.007741935483870968,0.0025806451612903226
True,BERT4Rec,ml-100k,1024,10,0,0.5,"('replace', 'swap', 'add', 'delete', 'shuffle', 'reverse')",True,0.5,0.7,1,"(1, 1, 1)",targeted,True,0.5,42,Drama,True,educated,True,"(None, 10, None)",775,0.35870967741935483,0.30193548387096775,0.2787096774193548,0.21419354838709678
True,BERT4Rec,ml-100k,1024,10,0,0.5,"('replace', 'swap', 'add', 'delete', 'shuffle', 'reverse')",True,0.5,0.7,1,"(1, 1, 1)",targeted,True,0.5,42,Fantasy,True,educated,True,"(None, 10, None)",775,0.023225806451612905,0.003870967741935484,0.0,0.0
True,BERT4Rec,ml-100k,1024,10,0,0.5,"('replace', 'swap', 'add', 'delete', 'shuffle', 'reverse')",True,0.5,0.7,1,"(1, 1, 1)",targeted,True,0.5,42,Horror,True,educated,True,"(None, 10, None)",782,0.05115089514066496,0.02557544757033248,0.021739130434782608,0.024296675191815855
True,BERT4Rec,ml-100k,8192,10,0,0.5,"('replace', 'swap', 'add', 'delete', 'shuffle', 'reverse')",True,0.5,0.7,1,"(1, 1, 1)",targeted,True,0.5,42,50,True,random,False,"(None, 10, None)",943,0.010604453870625663,0.0,0.0,0.0
True,BERT4Rec,ml-100k,8192,10,0,0.5,"('replace', 'swap', 'add', 'delete', 'shuffle', 'reverse')",True,0.5,0.7,1,"(1, 1, 1)",targeted,True,0.5,42,411,True,random,False,"(None, 10, None)",943,0.0,0.0,0.0,0.0
True,BERT4Rec,ml-100k,8192,10,0,0.5,"('replace', 'swap', 'add', 'delete', 'shuffle', 'reverse')",True,0.5,0.7,1,"(1, 1, 1)",targeted,True,0.5,42,630,True,random,False,"(None, 10, None)",943,0.0,0.0,0.0,0.0
True,BERT4Rec,ml-100k,8192,10,0,0.5,"('replace', 'swap', 'add', 'delete', 'shuffle', 'reverse')",True,0.5,0.7,1,"(1, 1, 1)",targeted,True,0.5,42,1305,True,random,False,"(None, 10, None)",943,0.0,0.0,0.0,0.0
True,BERT4Rec,ml-100k,8192,10,0,0.5,"('replace', 'swap', 'add', 'delete', 'shuffle', 'reverse')",True,0.5,0.7,1,"(1, 1, 1)",targeted,True,0.5,42,Action,True,random,True,"(None, 10, None)",943,0.2990455991516437,0.34358430540827145,0.32767762460233296,0.30010604453870626
True,BERT4Rec,ml-100k,8192,10,0,0.5,"('replace', 'swap', 'add', 'delete', 'shuffle', 'reverse')",True,0.5,0.7,1,"(1, 1, 1)",targeted,True,0.5,42,Adventure,True,random,True,"(None, 10, None)",943,0.16224814422057265,0.14528101802757157,0.10922587486744433,0.06468716861081654
True,BERT4Rec,ml-100k,8192,10,0,0.5,"('replace', 'swap', 'add', 'delete', 'shuffle', 'reverse')",True,0.5,0.7,1,"(1, 1, 1)",targeted,True,0.5,42,Animation,True,random,True,"(None, 10, None)",943,0.022269353128313893,0.010604453870625663,0.008483563096500531,0.0021208907741251328
True,BERT4Rec,ml-100k,8192,10,0,0.5,"('replace', 'swap', 'add', 'delete', 'shuffle', 'reverse')",True,0.5,0.7,1,"(1, 1, 1)",targeted,True,0.5,42,Drama,True,random,True,"(None, 10, None)",943,0.36267232237539765,0.3054082714740191,0.2788971367974549,0.2163308589607635
True,BERT4Rec,ml-100k,8192,10,0,0.5,"('replace', 'swap', 'add', 'delete', 'shuffle', 'reverse')",True,0.5,0.7,1,"(1, 1, 1)",targeted,True,0.5,42,Fantasy,True,random,True,"(None, 10, None)",943,0.02014846235418876,0.003181336161187699,0.0,0.0
True,BERT4Rec,ml-100k,8192,10,0,0.5,"('replace', 'swap', 'add', 'delete', 'shuffle', 'reverse')",True,0.5,0.7,1,"(1, 1, 1)",targeted,True,0.5,42,Horror,True,random,True,"(None, 10, None)",943,0.04984093319194061,0.02545068928950159,0.02014846235418876,0.021208907741251327
True,BERT4Rec,ml-100k,8192,10,0,0.5,"('replace', 'swap', 'add', 'delete', 'shuffle', 'reverse')",True,0.5,0.7,1,"(1, 1, 1)",targeted,True,0.5,42,NaN,False,random,False,"(None, 10, None)",943,1.0,1.0,1.0,1.0
True,BERT4Rec,ml-100k,8192,10,0,0.5,"('replace', 'swap', 'add', 'delete', 'shuffle', 'reverse')",True,0.5,0.7,1,"(1, 1, 1)",targeted,True,0.5,42,NaN,False,random,True,"(None, 10, None)",943,1.0,1.0,1.0,1.0
True,BERT4Rec,ml-1m,1024,10,0,0.5,"('replace', 'swap', 'add', 'delete', 'shuffle', 'reverse')",True,0.5,0.7,1,"(1, 1, 1)",targeted,True,0.5,10,728,True,educated,False,"(None, 10, None)",104,0.0,0.0,0.0,0.0
True,BERT4Rec,ml-1m,1024,10,0,0.5,"('replace', 'swap', 'add', 'delete', 'shuffle', 'reverse')",True,0.5,0.7,1,"(1, 1, 1)",targeted,True,0.5,10,2005,True,educated,False,"(None, 10, None)",104,0.0,0.0,0.0,0.0
True,BERT4Rec,ml-1m,1024,10,0,0.5,"('replace', 'swap', 'add', 'delete', 'shuffle', 'reverse')",True,0.5,0.7,1,"(1, 1, 1)",targeted,True,0.5,10,2738,True,educated,False,"(None, 10, None)",104,0.0,0.0,0.0,0.0
True,BERT4Rec,ml-1m,1024,10,0,0.5,"('replace', 'swap', 'add', 'delete', 'shuffle', 'reverse')",True,0.5,0.7,1,"(1, 1, 1)",targeted,True,0.5,10,2858,True,educated,False,"(None, 10, None)",104,0.0,0.0,0.0,0.0
True,BERT4Rec,ml-1m,1024,10,0,0.5,"('replace', 'swap', 'add', 'delete', 'shuffle', 'reverse')",True,0.5,0.7,1,"(1, 1, 1)",targeted,True,0.5,10,Action,True,educated,True,"(None, 10, None)",104,0.28846153846153844,0.2980769230769231,0.3076923076923077,0.2403846153846154
True,BERT4Rec,ml-1m,1024,10,0,0.5,"('replace', 'swap', 'add', 'delete', 'shuffle', 'reverse')",True,0.5,0.7,1,"(1, 1, 1)",targeted,True,0.5,10,Adventure,True,educated,True,"(None, 10, None)",104,0.20192307692307693,0.18269230769230768,0.15384615384615385,0.1346153846153846
True,BERT4Rec,ml-1m,1024,10,0,0.5,"('replace', 'swap', 'add', 'delete', 'shuffle', 'reverse')",True,0.5,0.7,1,"(1, 1, 1)",targeted,True,0.5,10,Animation,True,educated,True,"(None, 10, None)",104,0.028846153846153848,0.019230769230769232,0.019230769230769232,0.019230769230769232
True,BERT4Rec,ml-1m,1024,10,0,0.5,"('replace', 'swap', 'add', 'delete', 'shuffle', 'reverse')",True,0.5,0.7,1,"(1, 1, 1)",targeted,True,0.5,10,Drama,True,educated,True,"(None, 10, None)",104,0.3076923076923077,0.2403846153846154,0.22115384615384615,0.19230769230769232
True,BERT4Rec,ml-1m,1024,10,0,0.5,"('replace', 'swap', 'add', 'delete', 'shuffle', 'reverse')",True,0.5,0.7,1,"(1, 1, 1)",targeted,True,0.5,10,Fantasy,True,educated,True,"(None, 10, None)",104,0.07692307692307693,0.057692307692307696,0.038461538461538464,0.038461538461538464
True,BERT4Rec,ml-1m,1024,10,0,0.5,"('replace', 'swap', 'add', 'delete', 'shuffle', 'reverse')",True,0.5,0.7,1,"(1, 1, 1)",targeted,True,0.5,10,Horror,True,educated,True,"(None, 10, None)",104,0.1346153846153846,0.09615384615384616,0.09615384615384616,0.09615384615384616
True,BERT4Rec,ml-1m,1024,10,0,0.5,"('replace', 'swap', 'add', 'delete', 'shuffle', 'reverse')",True,0.5,0.7,1,"(1, 1, 1)",targeted,True,0.5,15,728,True,educated,False,"(None, 10, None)",116,0.0,0.0,0.0,0.0
True,BERT4Rec,ml-1m,1024,10,0,0.5,"('replace', 'swap', 'add', 'delete', 'shuffle', 'reverse')",True,0.5,0.7,1,"(1, 1, 1)",targeted,True,0.5,15,2005,True,educated,False,"(None, 10, None)",116,0.0,0.0,0.0,0.0
True,BERT4Rec,ml-1m,1024,10,0,0.5,"('replace', 'swap', 'add', 'delete', 'shuffle', 'reverse')",True,0.5,0.7,1,"(1, 1, 1)",targeted,True,0.5,15,2738,True,educated,False,"(None, 10, None)",116,0.0,0.0,0.0,0.0
True,BERT4Rec,ml-1m,1024,10,0,0.5,"('replace', 'swap', 'add', 'delete', 'shuffle', 'reverse')",True,0.5,0.7,1,"(1, 1, 1)",targeted,True,0.5,15,2858,True,educated,False,"(None, 10, None)",116,0.0,0.0,0.0,0.0
True,BERT4Rec,ml-1m,1024,10,0,0.5,"('replace', 'swap', 'add', 'delete', 'shuffle', 'reverse')",True,0.5,0.7,1,"(1, 1, 1)",targeted,True,0.5,15,Action,True,educated,True,"(None, 10, None)",115,0.26956521739130435,0.3130434782608696,0.33043478260869563,0.2956521739130435
True,BERT4Rec,ml-1m,1024,10,0,0.5,"('replace', 'swap', 'add', 'delete', 'shuffle', 'reverse')",True,0.5,0.7,1,"(1, 1, 1)",targeted,True,0.5,15,Adventure,True,educated,True,"(None, 10, None)",115,0.1391304347826087,0.11304347826086956,0.0782608695652174,0.06956521739130435
True,BERT4Rec,ml-1m,1024,10,0,0.5,"('replace', 'swap', 'add', 'delete', 'shuffle', 'reverse')",True,0.5,0.7,1,"(1, 1, 1)",targeted,True,0.5,15,Animation,True,educated,True,"(None, 10, None)",115,0.0782608695652174,0.034782608695652174,0.034782608695652174,0.034782608695652174
True,BERT4Rec,ml-1m,1024,10,0,0.5,"('replace', 'swap', 'add', 'delete', 'shuffle', 'reverse')",True,0.5,0.7,1,"(1, 1, 1)",targeted,True,0.5,15,Drama,True,educated,True,"(None, 10, None)",115,0.4,0.3130434782608696,0.2782608695652174,0.2608695652173913
True,BERT4Rec,ml-1m,1024,10,0,0.5,"('replace', 'swap', 'add', 'delete', 'shuffle', 'reverse')",True,0.5,0.7,1,"(1, 1, 1)",targeted,True,0.5,15,Fantasy,True,educated,True,"(None, 10, None)",115,0.05217391304347826,0.043478260869565216,0.008695652173913044,0.008695652173913044
True,BERT4Rec,ml-1m,1024,10,0,0.5,"('replace', 'swap', 'add', 'delete', 'shuffle', 'reverse')",True,0.5,0.7,1,"(1, 1, 1)",targeted,True,0.5,15,Horror,True,educated,True,"(None, 10, None)",115,0.043478260869565216,0.017391304347826087,0.017391304347826087,0.017391304347826087
True,BERT4Rec,ml-1m,1024,10,0,0.5,"('replace', 'swap', 'add', 'delete', 'shuffle', 'reverse')",True,0.5,0.7,1,"(1, 1, 1)",targeted,True,0.5,101,728,True,educated,False,"(None, 10, None)",99,0.010101010101010102,0.0,0.0,0.0
True,BERT4Rec,ml-1m,1024,10,0,0.5,"('replace', 'swap', 'add', 'delete', 'shuffle', 'reverse')",True,0.5,0.7,1,"(1, 1, 1)",targeted,True,0.5,101,2005,True,educated,False,"(None, 10, None)",99,0.0,0.0,0.0,0.0
True,BERT4Rec,ml-1m,1024,10,0,0.5,"('replace', 'swap', 'add', 'delete', 'shuffle', 'reverse')",True,0.5,0.7,1,"(1, 1, 1)",targeted,True,0.5,101,2738,True,educated,False,"(None, 10, None)",99,0.0,0.0,0.0,0.0
True,BERT4Rec,ml-1m,1024,10,0,0.5,"('replace', 'swap', 'add', 'delete', 'shuffle', 'reverse')",True,0.5,0.7,1,"(1, 1, 1)",targeted,True,0.5,101,2858,True,educated,False,"(None, 10, None)",99,0.0,0.0,0.0,0.0
True,BERT4Rec,ml-1m,1024,10,0,0.5,"('replace', 'swap', 'add', 'delete', 'shuffle', 'reverse')",True,0.5,0.7,1,"(1, 1, 1)",targeted,True,0.5,101,Action,True,educated,True,"(None, 10, None)",99,0.3434343434343434,0.3434343434343434,0.31313131313131315,0.29292929292929293
True,BERT4Rec,ml-1m,1024,10,0,0.5,"('replace', 'swap', 'add', 'delete', 'shuffle', 'reverse')",True,0.5,0.7,1,"(1, 1, 1)",targeted,True,0.5,101,Adventure,True,educated,True,"(None, 10, None)",99,0.15151515151515152,0.13131313131313133,0.09090909090909091,0.06060606060606061
True,BERT4Rec,ml-1m,1024,10,0,0.5,"('replace', 'swap', 'add', 'delete', 'shuffle', 'reverse')",True,0.5,0.7,1,"(1, 1, 1)",targeted,True,0.5,101,Animation,True,educated,True,"(None, 10, None)",99,0.050505050505050504,0.020202020202020204,0.020202020202020204,0.020202020202020204
True,BERT4Rec,ml-1m,1024,10,0,0.5,"('replace', 'swap', 'add', 'delete', 'shuffle', 'reverse')",True,0.5,0.7,1,"(1, 1, 1)",targeted,True,0.5,101,Drama,True,educated,True,"(None, 10, None)",99,0.30303030303030304,0.24242424242424243,0.21212121212121213,0.18181818181818182
True,BERT4Rec,ml-1m,1024,10,0,0.5,"('replace', 'swap', 'add', 'delete', 'shuffle', 'reverse')",True,0.5,0.7,1,"(1, 1, 1)",targeted,True,0.5,101,Fantasy,True,educated,True,"(None, 10, None)",99,0.04040404040404041,0.04040404040404041,0.010101010101010102,0.010101010101010102
True,BERT4Rec,ml-1m,1024,10,0,0.5,"('replace', 'swap', 'add', 'delete', 'shuffle', 'reverse')",True,0.5,0.7,1,"(1, 1, 1)",targeted,True,0.5,101,Horror,True,educated,True,"(None, 10, None)",99,0.10101010101010101,0.08080808080808081,0.0707070707070707,0.0707070707070707
True,BERT4Rec,ml-1m,8192,10,0,0.5,"('replace', 'swap', 'add', 'delete', 'shuffle', 'reverse')",True,0.5,0.7,1,"(1, 1, 1)",targeted,True,0.5,10,728,True,random,False,"(None, 10, None)",103,0.0,0.0,0.0,0.0
True,BERT4Rec,ml-1m,8192,10,0,0.5,"('replace', 'swap', 'add', 'delete', 'shuffle', 'reverse')",True,0.5,0.7,1,"(1, 1, 1)",targeted,True,0.5,10,2005,True,random,False,"(None, 10, None)",103,0.0,0.0,0.0,0.0
True,BERT4Rec,ml-1m,8192,10,0,0.5,"('replace', 'swap', 'add', 'delete', 'shuffle', 'reverse')",True,0.5,0.7,1,"(1, 1, 1)",targeted,True,0.5,10,2738,True,random,False,"(None, 10, None)",103,0.0,0.0,0.0,0.0
True,BERT4Rec,ml-1m,8192,10,0,0.5,"('replace', 'swap', 'add', 'delete', 'shuffle', 'reverse')",True,0.5,0.7,1,"(1, 1, 1)",targeted,True,0.5,10,2858,True,random,False,"(None, 10, None)",103,0.0,0.0,0.0,0.0
True,BERT4Rec,ml-1m,8192,10,0,0.5,"('replace', 'swap', 'add', 'delete', 'shuffle', 'reverse')",True,0.5,0.7,1,"(1, 1, 1)",targeted,True,0.5,10,Action,True,random,True,"(None, 10, None)",103,0.30097087378640774,0.33980582524271846,0.36893203883495146,0.34951456310679613
True,BERT4Rec,ml-1m,8192,10,0,0.5,"('replace', 'swap', 'add', 'delete', 'shuffle', 'reverse')",True,0.5,0.7,1,"(1, 1, 1)",targeted,True,0.5,10,Adventure,True,random,True,"(None, 10, None)",103,0.18446601941747573,0.14563106796116504,0.05825242718446602,0.038834951456310676
True,BERT4Rec,ml-1m,8192,10,0,0.5,"('replace', 'swap', 'add', 'delete', 'shuffle', 'reverse')",True,0.5,0.7,1,"(1, 1, 1)",targeted,True,0.5,10,Animation,True,random,True,"(None, 10, None)",103,0.07766990291262135,0.02912621359223301,0.019417475728155338,0.019417475728155338
True,BERT4Rec,ml-1m,8192,10,0,0.5,"('replace', 'swap', 'add', 'delete', 'shuffle', 'reverse')",True,0.5,0.7,1,"(1, 1, 1)",targeted,True,0.5,10,Drama,True,random,True,"(None, 10, None)",103,0.2524271844660194,0.30097087378640774,0.23300970873786409,0.18446601941747573
True,BERT4Rec,ml-1m,8192,10,0,0.5,"('replace', 'swap', 'add', 'delete', 'shuffle', 'reverse')",True,0.5,0.7,1,"(1, 1, 1)",targeted,True,0.5,10,Fantasy,True,random,True,"(None, 10, None)",103,0.009708737864077669,0.0,0.0,0.0
True,BERT4Rec,ml-1m,8192,10,0,0.5,"('replace', 'swap', 'add', 'delete', 'shuffle', 'reverse')",True,0.5,0.7,1,"(1, 1, 1)",targeted,True,0.5,10,Horror,True,random,True,"(None, 10, None)",103,0.08737864077669903,0.05825242718446602,0.038834951456310676,0.02912621359223301
True,BERT4Rec,ml-1m,8192,10,0,0.5,"('replace', 'swap', 'add', 'delete', 'shuffle', 'reverse')",True,0.5,0.7,1,"(1, 1, 1)",targeted,True,0.5,10,NaN,False,random,False,"(None, 10, None)",103,1.0,1.0,1.0,1.0
True,BERT4Rec,ml-1m,8192,10,0,0.5,"('replace', 'swap', 'add', 'delete', 'shuffle', 'reverse')",True,0.5,0.7,1,"(1, 1, 1)",targeted,True,0.5,10,NaN,False,random,True,"(None, 10, None)",103,1.0,1.0,1.0,1.0
True,BERT4Rec,ml-1m,8192,10,0,0.5,"('replace', 'swap', 'add', 'delete', 'shuffle', 'reverse')",True,0.5,0.7,1,"(1, 1, 1)",targeted,True,0.5,15,728,True,random,False,"(None, 10, None)",113,0.0,0.0,0.0,0.0
True,BERT4Rec,ml-1m,8192,10,0,0.5,"('replace', 'swap', 'add', 'delete', 'shuffle', 'reverse')",True,0.5,0.7,1,"(1, 1, 1)",targeted,True,0.5,15,2005,True,random,False,"(None, 10, None)",113,0.0,0.0,0.0,0.0
True,BERT4Rec,ml-1m,8192,10,0,0.5,"('replace', 'swap', 'add', 'delete', 'shuffle', 'reverse')",True,0.5,0.7,1,"(1, 1, 1)",targeted,True,0.5,15,2738,True,random,False,"(None, 10, None)",113,0.0,0.0,0.0,0.0
True,BERT4Rec,ml-1m,8192,10,0,0.5,"('replace', 'swap', 'add', 'delete', 'shuffle', 'reverse')",True,0.5,0.7,1,"(1, 1, 1)",targeted,True,0.5,15,2858,True,random,False,"(None, 10, None)",113,0.0,0.0,0.0,0.0
True,BERT4Rec,ml-1m,8192,10,0,0.5,"('replace', 'swap', 'add', 'delete', 'shuffle', 'reverse')",True,0.5,0.7,1,"(1, 1, 1)",targeted,True,0.5,15,Action,True,random,True,"(None, 10, None)",113,0.2743362831858407,0.30973451327433627,0.3274336283185841,0.30973451327433627
True,BERT4Rec,ml-1m,8192,10,0,0.5,"('replace', 'swap', 'add', 'delete', 'shuffle', 'reverse')",True,0.5,0.7,1,"(1, 1, 1)",targeted,True,0.5,15,Adventure,True,random,True,"(None, 10, None)",113,0.1504424778761062,0.1415929203539823,0.08849557522123894,0.07079646017699115
True,BERT4Rec,ml-1m,8192,10,0,0.5,"('replace', 'swap', 'add', 'delete', 'shuffle', 'reverse')",True,0.5,0.7,1,"(1, 1, 1)",targeted,True,0.5,15,Animation,True,random,True,"(None, 10, None)",113,0.04424778761061947,0.035398230088495575,0.035398230088495575,0.035398230088495575
True,BERT4Rec,ml-1m,8192,10,0,0.5,"('replace', 'swap', 'add', 'delete', 'shuffle', 'reverse')",True,0.5,0.7,1,"(1, 1, 1)",targeted,True,0.5,15,Drama,True,random,True,"(None, 10, None)",113,0.39823008849557523,0.34513274336283184,0.3274336283185841,0.3185840707964602
True,BERT4Rec,ml-1m,8192,10,0,0.5,"('replace', 'swap', 'add', 'delete', 'shuffle', 'reverse')",True,0.5,0.7,1,"(1, 1, 1)",targeted,True,0.5,15,Fantasy,True,random,True,"(None, 10, None)",113,0.05309734513274336,0.035398230088495575,0.017699115044247787,0.017699115044247787
True,BERT4Rec,ml-1m,8192,10,0,0.5,"('replace', 'swap', 'add', 'delete', 'shuffle', 'reverse')",True,0.5,0.7,1,"(1, 1, 1)",targeted,True,0.5,15,Horror,True,random,True,"(None, 10, None)",113,0.05309734513274336,0.02654867256637168,0.02654867256637168,0.017699115044247787
True,BERT4Rec,ml-1m,8192,10,0,0.5,"('replace', 'swap', 'add', 'delete', 'shuffle', 'reverse')",True,0.5,0.7,1,"(1, 1, 1)",targeted,True,0.5,15,NaN,False,random,False,"(None, 10, None)",113,0.9911504424778761,1.0,1.0,1.0
True,BERT4Rec,ml-1m,8192,10,0,0.5,"('replace', 'swap', 'add', 'delete', 'shuffle', 'reverse')",True,0.5,0.7,1,"(1, 1, 1)",targeted,True,0.5,15,NaN,False,random,True,"(None, 10, None)",113,0.9911504424778761,1.0,1.0,1.0
True,BERT4Rec,ml-1m,8192,10,0,0.5,"('replace', 'swap', 'add', 'delete', 'shuffle', 'reverse')",True,0.5,0.7,1,"(1, 1, 1)",targeted,True,0.5,101,728,True,random,False,"(None, 10, None)",98,0.0,0.0,0.0,0.0
True,BERT4Rec,ml-1m,8192,10,0,0.5,"('replace', 'swap', 'add', 'delete', 'shuffle', 'reverse')",True,0.5,0.7,1,"(1, 1, 1)",targeted,True,0.5,101,2005,True,random,False,"(None, 10, None)",98,0.0,0.0,0.0,0.0
True,BERT4Rec,ml-1m,8192,10,0,0.5,"('replace', 'swap', 'add', 'delete', 'shuffle', 'reverse')",True,0.5,0.7,1,"(1, 1, 1)",targeted,True,0.5,101,2738,True,random,False,"(None, 10, None)",98,0.0,0.0,0.0,0.0
True,BERT4Rec,ml-1m,8192,10,0,0.5,"('replace', 'swap', 'add', 'delete', 'shuffle', 'reverse')",True,0.5,0.7,1,"(1, 1, 1)",targeted,True,0.5,101,2858,True,random,False,"(None, 10, None)",98,0.0,0.0,0.0,0.0
True,BERT4Rec,ml-1m,8192,10,0,0.5,"('replace', 'swap', 'add', 'delete', 'shuffle', 'reverse')",True,0.5,0.7,1,"(1, 1, 1)",targeted,True,0.5,101,Action,True,random,True,"(None, 10, None)",98,0.2653061224489796,0.25510204081632654,0.23469387755102042,0.19387755102040816
True,BERT4Rec,ml-1m,8192,10,0,0.5,"('replace', 'swap', 'add', 'delete', 'shuffle', 'reverse')",True,0.5,0.7,1,"(1, 1, 1)",targeted,True,0.5,101,Adventure,True,random,True,"(None, 10, None)",98,0.11224489795918367,0.12244897959183673,0.061224489795918366,0.061224489795918366
True,BERT4Rec,ml-1m,8192,10,0,0.5,"('replace', 'swap', 'add', 'delete', 'shuffle', 'reverse')",True,0.5,0.7,1,"(1, 1, 1)",targeted,True,0.5,101,Animation,True,random,True,"(None, 10, None)",98,0.04081632653061224,0.04081632653061224,0.030612244897959183,0.02040816326530612
True,BERT4Rec,ml-1m,8192,10,0,0.5,"('replace', 'swap', 'add', 'delete', 'shuffle', 'reverse')",True,0.5,0.7,1,"(1, 1, 1)",targeted,True,0.5,101,Drama,True,random,True,"(None, 10, None)",98,0.3673469387755102,0.3163265306122449,0.2857142857142857,0.21428571428571427
True,BERT4Rec,ml-1m,8192,10,0,0.5,"('replace', 'swap', 'add', 'delete', 'shuffle', 'reverse')",True,0.5,0.7,1,"(1, 1, 1)",targeted,True,0.5,101,Fantasy,True,random,True,"(None, 10, None)",98,0.01020408163265306,0.02040816326530612,0.01020408163265306,0.01020408163265306
True,BERT4Rec,ml-1m,8192,10,0,0.5,"('replace', 'swap', 'add', 'delete', 'shuffle', 'reverse')",True,0.5,0.7,1,"(1, 1, 1)",targeted,True,0.5,101,Horror,True,random,True,"(None, 10, None)",98,0.02040816326530612,0.01020408163265306,0.01020408163265306,0.01020408163265306
True,BERT4Rec,ml-1m,8192,10,0,0.5,"('replace', 'swap', 'add', 'delete', 'shuffle', 'reverse')",True,0.5,0.7,1,"(1, 1, 1)",targeted,True,0.5,101,NaN,False,random,False,"(None, 10, None)",98,1.0,1.0,1.0,1.0
True,BERT4Rec,ml-1m,8192,10,0,0.5,"('replace', 'swap', 'add', 'delete', 'shuffle', 'reverse')",True,0.5,0.7,1,"(1, 1, 1)",targeted,True,0.5,101,NaN,False,random,True,"(None, 10, None)",98,1.0,1.0,1.0,1.0
True,BERT4Rec,steam,1024,10,0,0.5,"('replace', 'swap', 'add', 'delete', 'shuffle', 'reverse')",True,0.5,0.7,1,"(1, 1, 1)",targeted,True,0.5,10,35140,True,educated,False,"(None, 10, None)",104,0.0,0.0,0.0,0.0
True,BERT4Rec,steam,1024,10,0,0.5,"('replace', 'swap', 'add', 'delete', 'shuffle', 'reverse')",True,0.5,0.7,1,"(1, 1, 1)",targeted,True,0.5,10,271590,True,educated,False,"(None, 10, None)",104,0.0,0.0,0.0,0.0
True,BERT4Rec,steam,1024,10,0,0.5,"('replace', 'swap', 'add', 'delete', 'shuffle', 'reverse')",True,0.5,0.7,1,"(1, 1, 1)",targeted,True,0.5,10,292140,True,educated,False,"(None, 10, None)",104,0.0,0.0,0.0,0.0
True,BERT4Rec,steam,1024,10,0,0.5,"('replace', 'swap', 'add', 'delete', 'shuffle', 'reverse')",True,0.5,0.7,1,"(1, 1, 1)",targeted,True,0.5,10,582160,True,educated,False,"(None, 10, None)",104,0.0,0.0,0.0,0.0
True,BERT4Rec,steam,1024,10,0,0.5,"('replace', 'swap', 'add', 'delete', 'shuffle', 'reverse')",True,0.5,0.7,1,"(1, 1, 1)",targeted,True,0.5,10,Action,True,educated,True,"(None, 10, None)",105,0.9619047619047619,1.0,1.0,1.0
True,BERT4Rec,steam,1024,10,0,0.5,"('replace', 'swap', 'add', 'delete', 'shuffle', 'reverse')",True,0.5,0.7,1,"(1, 1, 1)",targeted,True,0.5,10,Free to Play,True,educated,True,"(None, 10, None)",105,0.24761904761904763,0.09523809523809523,0.0,0.0
True,BERT4Rec,steam,1024,10,0,0.5,"('replace', 'swap', 'add', 'delete', 'shuffle', 'reverse')",True,0.5,0.7,1,"(1, 1, 1)",targeted,True,0.5,10,Indie,True,educated,True,"(None, 10, None)",105,0.13333333333333333,0.21904761904761905,0.18095238095238095,0.12380952380952381
True,BERT4Rec,steam,1024,10,0,0.5,"('replace', 'swap', 'add', 'delete', 'shuffle', 'reverse')",True,0.5,0.7,1,"(1, 1, 1)",targeted,True,0.5,10,Photo Editing,True,educated,True,"(None, 10, None)",105,0.0,0.0,0.0,0.0
True,BERT4Rec,steam,1024,10,0,0.5,"('replace', 'swap', 'add', 'delete', 'shuffle', 'reverse')",True,0.5,0.7,1,"(1, 1, 1)",targeted,True,0.5,10,Sports,True,educated,True,"(None, 10, None)",105,0.0,0.0,0.0,0.0
True,BERT4Rec,steam,1024,10,0,0.5,"('replace', 'swap', 'add', 'delete', 'shuffle', 'reverse')",True,0.5,0.7,1,"(1, 1, 1)",targeted,True,0.5,15,35140,True,educated,False,"(None, 10, None)",110,0.0,0.0,0.0,0.0
True,BERT4Rec,steam,1024,10,0,0.5,"('replace', 'swap', 'add', 'delete', 'shuffle', 'reverse')",True,0.5,0.7,1,"(1, 1, 1)",targeted,True,0.5,15,271590,True,educated,False,"(None, 10, None)",110,0.0,0.0,0.0,0.0
True,BERT4Rec,steam,1024,10,0,0.5,"('replace', 'swap', 'add', 'delete', 'shuffle', 'reverse')",True,0.5,0.7,1,"(1, 1, 1)",targeted,True,0.5,15,292140,True,educated,False,"(None, 10, None)",110,0.0,0.0,0.0,0.0
True,BERT4Rec,steam,1024,10,0,0.5,"('replace', 'swap', 'add', 'delete', 'shuffle', 'reverse')",True,0.5,0.7,1,"(1, 1, 1)",targeted,True,0.5,15,582160,True,educated,False,"(None, 10, None)",110,0.0,0.0,0.0,0.0
True,BERT4Rec,steam,1024,10,0,0.5,"('replace', 'swap', 'add', 'delete', 'shuffle', 'reverse')",True,0.5,0.7,1,"(1, 1, 1)",targeted,True,0.5,15,Action,True,educated,True,"(None, 10, None)",111,0.918918918918919,0.963963963963964,0.990990990990991,1.0
True,BERT4Rec,steam,1024,10,0,0.5,"('replace', 'swap', 'add', 'delete', 'shuffle', 'reverse')",True,0.5,0.7,1,"(1, 1, 1)",targeted,True,0.5,15,Free to Play,True,educated,True,"(None, 10, None)",111,0.12612612612612611,0.036036036036036036,0.0,0.009009009009009009
True,BERT4Rec,steam,1024,10,0,0.5,"('replace', 'swap', 'add', 'delete', 'shuffle', 'reverse')",True,0.5,0.7,1,"(1, 1, 1)",targeted,True,0.5,15,Indie,True,educated,True,"(None, 10, None)",111,0.10810810810810811,0.24324324324324326,0.2702702702702703,0.14414414414414414
True,BERT4Rec,steam,1024,10,0,0.5,"('replace', 'swap', 'add', 'delete', 'shuffle', 'reverse')",True,0.5,0.7,1,"(1, 1, 1)",targeted,True,0.5,15,Photo Editing,True,educated,True,"(None, 10, None)",111,0.0,0.0,0.0,0.0
True,BERT4Rec,steam,1024,10,0,0.5,"('replace', 'swap', 'add', 'delete', 'shuffle', 'reverse')",True,0.5,0.7,1,"(1, 1, 1)",targeted,True,0.5,15,Sports,True,educated,True,"(None, 10, None)",111,0.009009009009009009,0.0,0.0,0.0
True,BERT4Rec,steam,1024,10,0,0.5,"('replace', 'swap', 'add', 'delete', 'shuffle', 'reverse')",True,0.5,0.7,1,"(1, 1, 1)",targeted,True,0.5,101,35140,True,educated,False,"(None, 10, None)",102,0.0,0.0,0.0,0.0
True,BERT4Rec,steam,1024,10,0,0.5,"('replace', 'swap', 'add', 'delete', 'shuffle', 'reverse')",True,0.5,0.7,1,"(1, 1, 1)",targeted,True,0.5,101,271590,True,educated,False,"(None, 10, None)",102,0.0,0.0,0.0,0.0
True,BERT4Rec,steam,1024,10,0,0.5,"('replace', 'swap', 'add', 'delete', 'shuffle', 'reverse')",True,0.5,0.7,1,"(1, 1, 1)",targeted,True,0.5,101,292140,True,educated,False,"(None, 10, None)",102,0.0,0.0,0.0,0.0
True,BERT4Rec,steam,1024,10,0,0.5,"('replace', 'swap', 'add', 'delete', 'shuffle', 'reverse')",True,0.5,0.7,1,"(1, 1, 1)",targeted,True,0.5,101,582160,True,educated,False,"(None, 10, None)",102,0.0,0.0,0.0,0.0
True,BERT4Rec,steam,1024,10,0,0.5,"('replace', 'swap', 'add', 'delete', 'shuffle', 'reverse')",True,0.5,0.7,1,"(1, 1, 1)",targeted,True,0.5,101,Action,True,educated,True,"(None, 10, None)",103,0.9320388349514563,0.9611650485436893,0.970873786407767,1.0
True,BERT4Rec,steam,1024,10,0,0.5,"('replace', 'swap', 'add', 'delete', 'shuffle', 'reverse')",True,0.5,0.7,1,"(1, 1, 1)",targeted,True,0.5,101,Free to Play,True,educated,True,"(None, 10, None)",103,0.13592233009708737,0.05825242718446602,0.0,0.0
True,BERT4Rec,steam,1024,10,0,0.5,"('replace', 'swap', 'add', 'delete', 'shuffle', 'reverse')",True,0.5,0.7,1,"(1, 1, 1)",targeted,True,0.5,101,Indie,True,educated,True,"(None, 10, None)",103,0.13592233009708737,0.2912621359223301,0.18446601941747573,0.13592233009708737
True,BERT4Rec,steam,1024,10,0,0.5,"('replace', 'swap', 'add', 'delete', 'shuffle', 'reverse')",True,0.5,0.7,1,"(1, 1, 1)",targeted,True,0.5,101,Photo Editing,True,educated,True,"(None, 10, None)",103,0.0,0.0,0.0,0.0
True,BERT4Rec,steam,1024,10,0,0.5,"('replace', 'swap', 'add', 'delete', 'shuffle', 'reverse')",True,0.5,0.7,1,"(1, 1, 1)",targeted,True,0.5,101,Sports,True,educated,True,"(None, 10, None)",103,0.0,0.0,0.0,0.0
True,BERT4Rec,steam,8192,10,0,0.5,"('replace', 'swap', 'add', 'delete', 'shuffle', 'reverse')",True,0.5,0.7,1,"(1, 1, 1)",targeted,True,0.5,10,35140,True,random,False,"(None, 10, None)",105,0.0,0.0,0.0,0.0
True,BERT4Rec,steam,8192,10,0,0.5,"('replace', 'swap', 'add', 'delete', 'shuffle', 'reverse')",True,0.5,0.7,1,"(1, 1, 1)",targeted,True,0.5,10,271590,True,random,False,"(None, 10, None)",105,0.0,0.0,0.0,0.0
True,BERT4Rec,steam,8192,10,0,0.5,"('replace', 'swap', 'add', 'delete', 'shuffle', 'reverse')",True,0.5,0.7,1,"(1, 1, 1)",targeted,True,0.5,10,292140,True,random,False,"(None, 10, None)",105,0.0,0.0,0.0,0.0
True,BERT4Rec,steam,8192,10,0,0.5,"('replace', 'swap', 'add', 'delete', 'shuffle', 'reverse')",True,0.5,0.7,1,"(1, 1, 1)",targeted,True,0.5,10,582160,True,random,False,"(None, 10, None)",105,0.0,0.0,0.0,0.0
True,BERT4Rec,steam,8192,10,0,0.5,"('replace', 'swap', 'add', 'delete', 'shuffle', 'reverse')",True,0.5,0.7,1,"(1, 1, 1)",targeted,True,0.5,10,Action,True,random,True,"(None, 10, None)",105,0.9428571428571428,0.9809523809523809,1.0,1.0
True,BERT4Rec,steam,8192,10,0,0.5,"('replace', 'swap', 'add', 'delete', 'shuffle', 'reverse')",True,0.5,0.7,1,"(1, 1, 1)",targeted,True,0.5,10,Free to Play,True,random,True,"(None, 10, None)",105,0.18095238095238095,0.09523809523809523,0.0,0.0
True,BERT4Rec,steam,8192,10,0,0.5,"('replace', 'swap', 'add', 'delete', 'shuffle', 'reverse')",True,0.5,0.7,1,"(1, 1, 1)",targeted,True,0.5,10,Indie,True,random,True,"(None, 10, None)",105,0.10476190476190476,0.24761904761904763,0.26666666666666666,0.10476190476190476
True,BERT4Rec,steam,8192,10,0,0.5,"('replace', 'swap', 'add', 'delete', 'shuffle', 'reverse')",True,0.5,0.7,1,"(1, 1, 1)",targeted,True,0.5,10,NaN,False,random,False,"(None, 10, None)",105,1.0,1.0,1.0,1.0
True,BERT4Rec,steam,8192,10,0,0.5,"('replace', 'swap', 'add', 'delete', 'shuffle', 'reverse')",True,0.5,0.7,1,"(1, 1, 1)",targeted,True,0.5,10,NaN,False,random,True,"(None, 10, None)",105,1.0,1.0,1.0,1.0
True,BERT4Rec,steam,8192,10,0,0.5,"('replace', 'swap', 'add', 'delete', 'shuffle', 'reverse')",True,0.5,0.7,1,"(1, 1, 1)",targeted,True,0.5,10,Photo Editing,True,random,True,"(None, 10, None)",105,0.0,0.0,0.0,0.0
True,BERT4Rec,steam,8192,10,0,0.5,"('replace', 'swap', 'add', 'delete', 'shuffle', 'reverse')",True,0.5,0.7,1,"(1, 1, 1)",targeted,True,0.5,10,Sports,True,random,True,"(None, 10, None)",105,0.0,0.0,0.0,0.0
True,BERT4Rec,steam,8192,10,0,0.5,"('replace', 'swap', 'add', 'delete', 'shuffle', 'reverse')",True,0.5,0.7,1,"(1, 1, 1)",targeted,True,0.5,15,35140,True,random,False,"(None, 10, None)",110,0.0,0.0,0.0,0.0
True,BERT4Rec,steam,8192,10,0,0.5,"('replace', 'swap', 'add', 'delete', 'shuffle', 'reverse')",True,0.5,0.7,1,"(1, 1, 1)",targeted,True,0.5,15,271590,True,random,False,"(None, 10, None)",110,0.0,0.0,0.0,0.0
True,BERT4Rec,steam,8192,10,0,0.5,"('replace', 'swap', 'add', 'delete', 'shuffle', 'reverse')",True,0.5,0.7,1,"(1, 1, 1)",targeted,True,0.5,15,292140,True,random,False,"(None, 10, None)",110,0.0,0.0,0.0,0.0
True,BERT4Rec,steam,8192,10,0,0.5,"('replace', 'swap', 'add', 'delete', 'shuffle', 'reverse')",True,0.5,0.7,1,"(1, 1, 1)",targeted,True,0.5,15,582160,True,random,False,"(None, 10, None)",110,0.0,0.0,0.0,0.0
True,BERT4Rec,steam,8192,10,0,0.5,"('replace', 'swap', 'add', 'delete', 'shuffle', 'reverse')",True,0.5,0.7,1,"(1, 1, 1)",targeted,True,0.5,15,Action,True,random,True,"(None, 10, None)",110,0.8909090909090909,0.9363636363636364,0.9636363636363636,0.9818181818181818
True,BERT4Rec,steam,8192,10,0,0.5,"('replace', 'swap', 'add', 'delete', 'shuffle', 'reverse')",True,0.5,0.7,1,"(1, 1, 1)",targeted,True,0.5,15,Free to Play,True,random,True,"(None, 10, None)",110,0.15454545454545454,0.05454545454545454,0.00909090909090909,0.0
True,BERT4Rec,steam,8192,10,0,0.5,"('replace', 'swap', 'add', 'delete', 'shuffle', 'reverse')",True,0.5,0.7,1,"(1, 1, 1)",targeted,True,0.5,15,Indie,True,random,True,"(None, 10, None)",110,0.14545454545454545,0.2636363636363636,0.2909090909090909,0.16363636363636364
True,BERT4Rec,steam,8192,10,0,0.5,"('replace', 'swap', 'add', 'delete', 'shuffle', 'reverse')",True,0.5,0.7,1,"(1, 1, 1)",targeted,True,0.5,15,NaN,False,random,False,"(None, 10, None)",110,1.0,1.0,1.0,1.0
True,BERT4Rec,steam,8192,10,0,0.5,"('replace', 'swap', 'add', 'delete', 'shuffle', 'reverse')",True,0.5,0.7,1,"(1, 1, 1)",targeted,True,0.5,15,NaN,False,random,True,"(None, 10, None)",110,1.0,1.0,1.0,1.0
True,BERT4Rec,steam,8192,10,0,0.5,"('replace', 'swap', 'add', 'delete', 'shuffle', 'reverse')",True,0.5,0.7,1,"(1, 1, 1)",targeted,True,0.5,15,Photo Editing,True,random,True,"(None, 10, None)",110,0.0,0.0,0.0,0.0
True,BERT4Rec,steam,8192,10,0,0.5,"('replace', 'swap', 'add', 'delete', 'shuffle', 'reverse')",True,0.5,0.7,1,"(1, 1, 1)",targeted,True,0.5,15,Sports,True,random,True,"(None, 10, None)",110,0.0,0.0,0.0,0.0
True,BERT4Rec,steam,8192,10,0,0.5,"('replace', 'swap', 'add', 'delete', 'shuffle', 'reverse')",True,0.5,0.7,1,"(1, 1, 1)",targeted,True,0.5,101,35140,True,random,False,"(None, 10, None)",102,0.0,0.0,0.0,0.0
True,BERT4Rec,steam,8192,10,0,0.5,"('replace', 'swap', 'add', 'delete', 'shuffle', 'reverse')",True,0.5,0.7,1,"(1, 1, 1)",targeted,True,0.5,101,271590,True,random,False,"(None, 10, None)",102,0.0,0.0,0.0,0.0
True,BERT4Rec,steam,8192,10,0,0.5,"('replace', 'swap', 'add', 'delete', 'shuffle', 'reverse')",True,0.5,0.7,1,"(1, 1, 1)",targeted,True,0.5,101,292140,True,random,False,"(None, 10, None)",102,0.0,0.0,0.0,0.0
True,BERT4Rec,steam,8192,10,0,0.5,"('replace', 'swap', 'add', 'delete', 'shuffle', 'reverse')",True,0.5,0.7,1,"(1, 1, 1)",targeted,True,0.5,101,582160,True,random,False,"(None, 10, None)",102,0.0,0.0,0.0,0.0
True,BERT4Rec,steam,8192,10,0,0.5,"('replace', 'swap', 'add', 'delete', 'shuffle', 'reverse')",True,0.5,0.7,1,"(1, 1, 1)",targeted,True,0.5,101,Action,True,random,True,"(None, 10, None)",102,0.9215686274509803,0.9705882352941176,1.0,1.0
True,BERT4Rec,steam,8192,10,0,0.5,"('replace', 'swap', 'add', 'delete', 'shuffle', 'reverse')",True,0.5,0.7,1,"(1, 1, 1)",targeted,True,0.5,101,Free to Play,True,random,True,"(None, 10, None)",102,0.11764705882352941,0.00980392156862745,0.0,0.0
True,BERT4Rec,steam,8192,10,0,0.5,"('replace', 'swap', 'add', 'delete', 'shuffle', 'reverse')",True,0.5,0.7,1,"(1, 1, 1)",targeted,True,0.5,101,Indie,True,random,True,"(None, 10, None)",102,0.12745098039215685,0.24509803921568626,0.2549019607843137,0.12745098039215685
True,BERT4Rec,steam,8192,10,0,0.5,"('replace', 'swap', 'add', 'delete', 'shuffle', 'reverse')",True,0.5,0.7,1,"(1, 1, 1)",targeted,True,0.5,101,NaN,False,random,False,"(None, 10, None)",102,1.0,1.0,1.0,1.0
True,BERT4Rec,steam,8192,10,0,0.5,"('replace', 'swap', 'add', 'delete', 'shuffle', 'reverse')",True,0.5,0.7,1,"(1, 1, 1)",targeted,True,0.5,101,NaN,False,random,True,"(None, 10, None)",102,1.0,1.0,1.0,1.0
True,BERT4Rec,steam,8192,10,0,0.5,"('replace', 'swap', 'add', 'delete', 'shuffle', 'reverse')",True,0.5,0.7,1,"(1, 1, 1)",targeted,True,0.5,101,Photo Editing,True,random,True,"(None, 10, None)",102,0.0,0.0,0.0,0.0
True,BERT4Rec,steam,8192,10,0,0.5,"('replace', 'swap', 'add', 'delete', 'shuffle', 'reverse')",True,0.5,0.7,1,"(1, 1, 1)",targeted,True,0.5,101,Sports,True,random,True,"(None, 10, None)",102,0.0,0.0,0.0,0.0
True,GRU4Rec,ml-100k,1024,10,0,0.5,"('replace', 'swap', 'add', 'delete', 'shuffle', 'reverse')",True,0.5,0.7,1,"(1, 1, 1)",targeted,True,0.5,42,50,True,educated,False,"(None, 10, None)",100,0.01,0.0,0.0,0.0
True,GRU4Rec,ml-100k,1024,10,0,0.5,"('replace', 'swap', 'add', 'delete', 'shuffle', 'reverse')",True,0.5,0.7,1,"(1, 1, 1)",targeted,True,0.5,42,411,True,educated,False,"(None, 10, None)",100,0.0,0.0,0.0,0.0
True,GRU4Rec,ml-100k,1024,10,0,0.5,"('replace', 'swap', 'add', 'delete', 'shuffle', 'reverse')",True,0.5,0.7,1,"(1, 1, 1)",targeted,True,0.5,42,630,True,educated,False,"(None, 10, None)",100,0.0,0.0,0.0,0.0
True,GRU4Rec,ml-100k,1024,10,0,0.5,"('replace', 'swap', 'add', 'delete', 'shuffle', 'reverse')",True,0.5,0.7,1,"(1, 1, 1)",targeted,True,0.5,42,1305,True,educated,False,"(None, 10, None)",100,0.0,0.0,0.0,0.0
True,GRU4Rec,ml-100k,1024,10,0,0.5,"('replace', 'swap', 'add', 'delete', 'shuffle', 'reverse')",True,0.5,0.7,1,"(1, 1, 1)",targeted,True,0.5,42,Action,True,educated,True,"(None, 10, None)",100,0.34,0.4,0.39,0.3
True,GRU4Rec,ml-100k,1024,10,0,0.5,"('replace', 'swap', 'add', 'delete', 'shuffle', 'reverse')",True,0.5,0.7,1,"(1, 1, 1)",targeted,True,0.5,42,Adventure,True,educated,True,"(None, 10, None)",100,0.13,0.15,0.08,0.06
True,GRU4Rec,ml-100k,1024,10,0,0.5,"('replace', 'swap', 'add', 'delete', 'shuffle', 'reverse')",True,0.5,0.7,1,"(1, 1, 1)",targeted,True,0.5,42,Animation,True,educated,True,"(None, 10, None)",100,0.01,0.01,0.0,0.0
True,GRU4Rec,ml-100k,1024,10,0,0.5,"('replace', 'swap', 'add', 'delete', 'shuffle', 'reverse')",True,0.5,0.7,1,"(1, 1, 1)",targeted,True,0.5,42,Drama,True,educated,True,"(None, 10, None)",100,0.39,0.39,0.37,0.32
True,GRU4Rec,ml-100k,1024,10,0,0.5,"('replace', 'swap', 'add', 'delete', 'shuffle', 'reverse')",True,0.5,0.7,1,"(1, 1, 1)",targeted,True,0.5,42,Fantasy,True,educated,True,"(None, 10, None)",100,0.01,0.02,0.0,0.0
True,GRU4Rec,ml-100k,1024,10,0,0.5,"('replace', 'swap', 'add', 'delete', 'shuffle', 'reverse')",True,0.5,0.7,1,"(1, 1, 1)",targeted,True,0.5,42,Horror,True,educated,True,"(None, 10, None)",100,0.07,0.02,0.0,0.0
True,GRU4Rec,ml-1m,1024,10,0,0.5,"('replace', 'swap', 'add', 'delete', 'shuffle', 'reverse')",True,0.5,0.7,1,"(1, 1, 1)",targeted,True,0.5,10,728,True,educated,False,"(None, 10, None)",97,0.0,0.0,0.0,0.0
True,GRU4Rec,ml-1m,1024,10,0,0.5,"('replace', 'swap', 'add', 'delete', 'shuffle', 'reverse')",True,0.5,0.7,1,"(1, 1, 1)",targeted,True,0.5,10,2005,True,educated,False,"(None, 10, None)",97,0.0,0.0,0.0,0.0
True,GRU4Rec,ml-1m,1024,10,0,0.5,"('replace', 'swap', 'add', 'delete', 'shuffle', 'reverse')",True,0.5,0.7,1,"(1, 1, 1)",targeted,True,0.5,10,2738,True,educated,False,"(None, 10, None)",97,0.0,0.0,0.0,0.0
True,GRU4Rec,ml-1m,1024,10,0,0.5,"('replace', 'swap', 'add', 'delete', 'shuffle', 'reverse')",True,0.5,0.7,1,"(1, 1, 1)",targeted,True,0.5,10,2858,True,educated,False,"(None, 10, None)",97,0.0,0.0,0.0,0.0
True,GRU4Rec,ml-1m,1024,10,0,0.5,"('replace', 'swap', 'add', 'delete', 'shuffle', 'reverse')",True,0.5,0.7,1,"(1, 1, 1)",targeted,True,0.5,10,Action,True,educated,True,"(None, 10, None)",97,0.31958762886597936,0.36082474226804123,0.35051546391752575,0.31958762886597936
True,GRU4Rec,ml-1m,1024,10,0,0.5,"('replace', 'swap', 'add', 'delete', 'shuffle', 'reverse')",True,0.5,0.7,1,"(1, 1, 1)",targeted,True,0.5,10,Adventure,True,educated,True,"(None, 10, None)",97,0.14432989690721648,0.15463917525773196,0.12371134020618557,0.07216494845360824
True,GRU4Rec,ml-1m,1024,10,0,0.5,"('replace', 'swap', 'add', 'delete', 'shuffle', 'reverse')",True,0.5,0.7,1,"(1, 1, 1)",targeted,True,0.5,10,Animation,True,educated,True,"(None, 10, None)",97,0.061855670103092786,0.020618556701030927,0.010309278350515464,0.0
True,GRU4Rec,ml-1m,1024,10,0,0.5,"('replace', 'swap', 'add', 'delete', 'shuffle', 'reverse')",True,0.5,0.7,1,"(1, 1, 1)",targeted,True,0.5,10,Drama,True,educated,True,"(None, 10, None)",97,0.31958762886597936,0.25773195876288657,0.21649484536082475,0.1958762886597938
True,GRU4Rec,ml-1m,1024,10,0,0.5,"('replace', 'swap', 'add', 'delete', 'shuffle', 'reverse')",True,0.5,0.7,1,"(1, 1, 1)",targeted,True,0.5,10,Fantasy,True,educated,True,"(None, 10, None)",97,0.041237113402061855,0.0,0.0,0.0
True,GRU4Rec,ml-1m,1024,10,0,0.5,"('replace', 'swap', 'add', 'delete', 'shuffle', 'reverse')",True,0.5,0.7,1,"(1, 1, 1)",targeted,True,0.5,10,Horror,True,educated,True,"(None, 10, None)",97,0.030927835051546393,0.010309278350515464,0.010309278350515464,0.010309278350515464
True,GRU4Rec,ml-1m,1024,10,0,0.5,"('replace', 'swap', 'add', 'delete', 'shuffle', 'reverse')",True,0.5,0.7,1,"(1, 1, 1)",targeted,True,0.5,15,728,True,educated,False,"(None, 10, None)",104,0.0,0.0,0.0,0.0
True,GRU4Rec,ml-1m,1024,10,0,0.5,"('replace', 'swap', 'add', 'delete', 'shuffle', 'reverse')",True,0.5,0.7,1,"(1, 1, 1)",targeted,True,0.5,15,2005,True,educated,False,"(None, 10, None)",104,0.0,0.0,0.0,0.0
True,GRU4Rec,ml-1m,1024,10,0,0.5,"('replace', 'swap', 'add', 'delete', 'shuffle', 'reverse')",True,0.5,0.7,1,"(1, 1, 1)",targeted,True,0.5,15,2738,True,educated,False,"(None, 10, None)",104,0.0,0.0,0.0,0.0
True,GRU4Rec,ml-1m,1024,10,0,0.5,"('replace', 'swap', 'add', 'delete', 'shuffle', 'reverse')",True,0.5,0.7,1,"(1, 1, 1)",targeted,True,0.5,15,2858,True,educated,False,"(None, 10, None)",104,0.0,0.0,0.0,0.0
True,GRU4Rec,ml-1m,1024,10,0,0.5,"('replace', 'swap', 'add', 'delete', 'shuffle', 'reverse')",True,0.5,0.7,1,"(1, 1, 1)",targeted,True,0.5,15,Action,True,educated,True,"(None, 10, None)",104,0.27884615384615385,0.2980769230769231,0.2980769230769231,0.2980769230769231
True,GRU4Rec,ml-1m,1024,10,0,0.5,"('replace', 'swap', 'add', 'delete', 'shuffle', 'reverse')",True,0.5,0.7,1,"(1, 1, 1)",targeted,True,0.5,15,Adventure,True,educated,True,"(None, 10, None)",104,0.20192307692307693,0.16346153846153846,0.10576923076923077,0.0673076923076923
True,GRU4Rec,ml-1m,1024,10,0,0.5,"('replace', 'swap', 'add', 'delete', 'shuffle', 'reverse')",True,0.5,0.7,1,"(1, 1, 1)",targeted,True,0.5,15,Animation,True,educated,True,"(None, 10, None)",104,0.04807692307692308,0.038461538461538464,0.028846153846153848,0.0
True,GRU4Rec,ml-1m,1024,10,0,0.5,"('replace', 'swap', 'add', 'delete', 'shuffle', 'reverse')",True,0.5,0.7,1,"(1, 1, 1)",targeted,True,0.5,15,Drama,True,educated,True,"(None, 10, None)",104,0.34615384615384615,0.3076923076923077,0.21153846153846154,0.19230769230769232
True,GRU4Rec,ml-1m,1024,10,0,0.5,"('replace', 'swap', 'add', 'delete', 'shuffle', 'reverse')",True,0.5,0.7,1,"(1, 1, 1)",targeted,True,0.5,15,Fantasy,True,educated,True,"(None, 10, None)",104,0.028846153846153848,0.019230769230769232,0.0,0.0
True,GRU4Rec,ml-1m,1024,10,0,0.5,"('replace', 'swap', 'add', 'delete', 'shuffle', 'reverse')",True,0.5,0.7,1,"(1, 1, 1)",targeted,True,0.5,15,Horror,True,educated,True,"(None, 10, None)",104,0.057692307692307696,0.009615384615384616,0.009615384615384616,0.0
True,GRU4Rec,ml-1m,1024,10,0,0.5,"('replace', 'swap', 'add', 'delete', 'shuffle', 'reverse')",True,0.5,0.7,1,"(1, 1, 1)",targeted,True,0.5,101,728,True,educated,False,"(None, 10, None)",106,0.0,0.0,0.0,0.0
True,GRU4Rec,ml-1m,1024,10,0,0.5,"('replace', 'swap', 'add', 'delete', 'shuffle', 'reverse')",True,0.5,0.7,1,"(1, 1, 1)",targeted,True,0.5,101,2005,True,educated,False,"(None, 10, None)",106,0.0,0.0,0.0,0.0
True,GRU4Rec,ml-1m,1024,10,0,0.5,"('replace', 'swap', 'add', 'delete', 'shuffle', 'reverse')",True,0.5,0.7,1,"(1, 1, 1)",targeted,True,0.5,101,2738,True,educated,False,"(None, 10, None)",106,0.0,0.0,0.0,0.0
True,GRU4Rec,ml-1m,1024,10,0,0.5,"('replace', 'swap', 'add', 'delete', 'shuffle', 'reverse')",True,0.5,0.7,1,"(1, 1, 1)",targeted,True,0.5,101,2858,True,educated,False,"(None, 10, None)",106,0.0,0.0,0.0,0.0
True,GRU4Rec,ml-1m,1024,10,0,0.5,"('replace', 'swap', 'add', 'delete', 'shuffle', 'reverse')",True,0.5,0.7,1,"(1, 1, 1)",targeted,True,0.5,101,Action,True,educated,True,"(None, 10, None)",106,0.32075471698113206,0.36792452830188677,0.32075471698113206,0.33962264150943394
True,GRU4Rec,ml-1m,1024,10,0,0.5,"('replace', 'swap', 'add', 'delete', 'shuffle', 'reverse')",True,0.5,0.7,1,"(1, 1, 1)",targeted,True,0.5,101,Adventure,True,educated,True,"(None, 10, None)",106,0.19811320754716982,0.16981132075471697,0.11320754716981132,0.09433962264150944
True,GRU4Rec,ml-1m,1024,10,0,0.5,"('replace', 'swap', 'add', 'delete', 'shuffle', 'reverse')",True,0.5,0.7,1,"(1, 1, 1)",targeted,True,0.5,101,Animation,True,educated,True,"(None, 10, None)",106,0.02830188679245283,0.018867924528301886,0.009433962264150943,0.009433962264150943
True,GRU4Rec,ml-1m,1024,10,0,0.5,"('replace', 'swap', 'add', 'delete', 'shuffle', 'reverse')",True,0.5,0.7,1,"(1, 1, 1)",targeted,True,0.5,101,Drama,True,educated,True,"(None, 10, None)",106,0.32075471698113206,0.25471698113207547,0.16981132075471697,0.16037735849056603
True,GRU4Rec,ml-1m,1024,10,0,0.5,"('replace', 'swap', 'add', 'delete', 'shuffle', 'reverse')",True,0.5,0.7,1,"(1, 1, 1)",targeted,True,0.5,101,Fantasy,True,educated,True,"(None, 10, None)",106,0.05660377358490566,0.018867924528301886,0.0,0.0
True,GRU4Rec,ml-1m,1024,10,0,0.5,"('replace', 'swap', 'add', 'delete', 'shuffle', 'reverse')",True,0.5,0.7,1,"(1, 1, 1)",targeted,True,0.5,101,Horror,True,educated,True,"(None, 10, None)",106,0.04716981132075472,0.009433962264150943,0.0,0.0
True,GRU4Rec,ml-1m,8192,10,0,0.5,"('replace', 'swap', 'add', 'delete', 'shuffle', 'reverse')",True,0.5,0.7,1,"(1, 1, 1)",targeted,True,0.5,10,728,True,random,False,"(None, 10, None)",97,0.0,0.0,0.0,0.0
True,GRU4Rec,ml-1m,8192,10,0,0.5,"('replace', 'swap', 'add', 'delete', 'shuffle', 'reverse')",True,0.5,0.7,1,"(1, 1, 1)",targeted,True,0.5,10,2005,True,random,False,"(None, 10, None)",97,0.0,0.0,0.0,0.0
True,GRU4Rec,ml-1m,8192,10,0,0.5,"('replace', 'swap', 'add', 'delete', 'shuffle', 'reverse')",True,0.5,0.7,1,"(1, 1, 1)",targeted,True,0.5,10,2738,True,random,False,"(None, 10, None)",97,0.0,0.0,0.0,0.0
True,GRU4Rec,ml-1m,8192,10,0,0.5,"('replace', 'swap', 'add', 'delete', 'shuffle', 'reverse')",True,0.5,0.7,1,"(1, 1, 1)",targeted,True,0.5,10,2858,True,random,False,"(None, 10, None)",97,0.0,0.0,0.0,0.0
True,GRU4Rec,ml-1m,8192,10,0,0.5,"('replace', 'swap', 'add', 'delete', 'shuffle', 'reverse')",True,0.5,0.7,1,"(1, 1, 1)",targeted,True,0.5,10,Action,True,random,True,"(None, 10, None)",97,0.31958762886597936,0.36082474226804123,0.35051546391752575,0.31958762886597936
True,GRU4Rec,ml-1m,8192,10,0,0.5,"('replace', 'swap', 'add', 'delete', 'shuffle', 'reverse')",True,0.5,0.7,1,"(1, 1, 1)",targeted,True,0.5,10,Adventure,True,random,True,"(None, 10, None)",97,0.14432989690721648,0.15463917525773196,0.12371134020618557,0.07216494845360824
True,GRU4Rec,ml-1m,8192,10,0,0.5,"('replace', 'swap', 'add', 'delete', 'shuffle', 'reverse')",True,0.5,0.7,1,"(1, 1, 1)",targeted,True,0.5,10,Animation,True,random,True,"(None, 10, None)",97,0.061855670103092786,0.020618556701030927,0.010309278350515464,0.0
True,GRU4Rec,ml-1m,8192,10,0,0.5,"('replace', 'swap', 'add', 'delete', 'shuffle', 'reverse')",True,0.5,0.7,1,"(1, 1, 1)",targeted,True,0.5,10,Drama,True,random,True,"(None, 10, None)",97,0.31958762886597936,0.25773195876288657,0.21649484536082475,0.1958762886597938
True,GRU4Rec,ml-1m,8192,10,0,0.5,"('replace', 'swap', 'add', 'delete', 'shuffle', 'reverse')",True,0.5,0.7,1,"(1, 1, 1)",targeted,True,0.5,10,Fantasy,True,random,True,"(None, 10, None)",97,0.041237113402061855,0.0,0.0,0.0
True,GRU4Rec,ml-1m,8192,10,0,0.5,"('replace', 'swap', 'add', 'delete', 'shuffle', 'reverse')",True,0.5,0.7,1,"(1, 1, 1)",targeted,True,0.5,10,Horror,True,random,True,"(None, 10, None)",97,0.030927835051546393,0.010309278350515464,0.010309278350515464,0.010309278350515464
True,GRU4Rec,ml-1m,8192,10,0,0.5,"('replace', 'swap', 'add', 'delete', 'shuffle', 'reverse')",True,0.5,0.7,1,"(1, 1, 1)",targeted,True,0.5,10,NaN,False,random,False,"(None, 10, None)",97,1.0,1.0,1.0,1.0
True,GRU4Rec,ml-1m,8192,10,0,0.5,"('replace', 'swap', 'add', 'delete', 'shuffle', 'reverse')",True,0.5,0.7,1,"(1, 1, 1)",targeted,True,0.5,10,NaN,False,random,True,"(None, 10, None)",97,1.0,1.0,1.0,1.0
True,GRU4Rec,ml-1m,8192,10,0,0.5,"('replace', 'swap', 'add', 'delete', 'shuffle', 'reverse')",True,0.5,0.7,1,"(1, 1, 1)",targeted,True,0.5,15,728,True,random,False,"(None, 10, None)",104,0.0,0.0,0.0,0.0
True,GRU4Rec,ml-1m,8192,10,0,0.5,"('replace', 'swap', 'add', 'delete', 'shuffle', 'reverse')",True,0.5,0.7,1,"(1, 1, 1)",targeted,True,0.5,15,2005,True,random,False,"(None, 10, None)",104,0.0,0.0,0.0,0.0
True,GRU4Rec,ml-1m,8192,10,0,0.5,"('replace', 'swap', 'add', 'delete', 'shuffle', 'reverse')",True,0.5,0.7,1,"(1, 1, 1)",targeted,True,0.5,15,2738,True,random,False,"(None, 10, None)",104,0.0,0.0,0.0,0.0
True,GRU4Rec,ml-1m,8192,10,0,0.5,"('replace', 'swap', 'add', 'delete', 'shuffle', 'reverse')",True,0.5,0.7,1,"(1, 1, 1)",targeted,True,0.5,15,2858,True,random,False,"(None, 10, None)",104,0.0,0.0,0.0,0.0
True,GRU4Rec,ml-1m,8192,10,0,0.5,"('replace', 'swap', 'add', 'delete', 'shuffle', 'reverse')",True,0.5,0.7,1,"(1, 1, 1)",targeted,True,0.5,15,Action,True,random,True,"(None, 10, None)",104,0.27884615384615385,0.2980769230769231,0.2980769230769231,0.2980769230769231
True,GRU4Rec,ml-1m,8192,10,0,0.5,"('replace', 'swap', 'add', 'delete', 'shuffle', 'reverse')",True,0.5,0.7,1,"(1, 1, 1)",targeted,True,0.5,15,Adventure,True,random,True,"(None, 10, None)",104,0.20192307692307693,0.16346153846153846,0.10576923076923077,0.0673076923076923
True,GRU4Rec,ml-1m,8192,10,0,0.5,"('replace', 'swap', 'add', 'delete', 'shuffle', 'reverse')",True,0.5,0.7,1,"(1, 1, 1)",targeted,True,0.5,15,Animation,True,random,True,"(None, 10, None)",104,0.04807692307692308,0.038461538461538464,0.028846153846153848,0.0
True,GRU4Rec,ml-1m,8192,10,0,0.5,"('replace', 'swap', 'add', 'delete', 'shuffle', 'reverse')",True,0.5,0.7,1,"(1, 1, 1)",targeted,True,0.5,15,Drama,True,random,True,"(None, 10, None)",104,0.34615384615384615,0.3076923076923077,0.21153846153846154,0.19230769230769232
True,GRU4Rec,ml-1m,8192,10,0,0.5,"('replace', 'swap', 'add', 'delete', 'shuffle', 'reverse')",True,0.5,0.7,1,"(1, 1, 1)",targeted,True,0.5,15,Fantasy,True,random,True,"(None, 10, None)",104,0.028846153846153848,0.019230769230769232,0.0,0.0
True,GRU4Rec,ml-1m,8192,10,0,0.5,"('replace', 'swap', 'add', 'delete', 'shuffle', 'reverse')",True,0.5,0.7,1,"(1, 1, 1)",targeted,True,0.5,15,Horror,True,random,True,"(None, 10, None)",104,0.057692307692307696,0.009615384615384616,0.009615384615384616,0.0
True,GRU4Rec,ml-1m,8192,10,0,0.5,"('replace', 'swap', 'add', 'delete', 'shuffle', 'reverse')",True,0.5,0.7,1,"(1, 1, 1)",targeted,True,0.5,15,NaN,False,random,False,"(None, 10, None)",104,1.0,1.0,1.0,1.0
True,GRU4Rec,ml-1m,8192,10,0,0.5,"('replace', 'swap', 'add', 'delete', 'shuffle', 'reverse')",True,0.5,0.7,1,"(1, 1, 1)",targeted,True,0.5,15,NaN,False,random,True,"(None, 10, None)",104,1.0,1.0,1.0,1.0
True,GRU4Rec,ml-1m,8192,10,0,0.5,"('replace', 'swap', 'add', 'delete', 'shuffle', 'reverse')",True,0.5,0.7,1,"(1, 1, 1)",targeted,True,0.5,101,728,True,random,False,"(None, 10, None)",106,0.0,0.0,0.0,0.0
True,GRU4Rec,ml-1m,8192,10,0,0.5,"('replace', 'swap', 'add', 'delete', 'shuffle', 'reverse')",True,0.5,0.7,1,"(1, 1, 1)",targeted,True,0.5,101,2005,True,random,False,"(None, 10, None)",106,0.0,0.0,0.0,0.0
True,GRU4Rec,ml-1m,8192,10,0,0.5,"('replace', 'swap', 'add', 'delete', 'shuffle', 'reverse')",True,0.5,0.7,1,"(1, 1, 1)",targeted,True,0.5,101,2738,True,random,False,"(None, 10, None)",106,0.0,0.0,0.0,0.0
True,GRU4Rec,ml-1m,8192,10,0,0.5,"('replace', 'swap', 'add', 'delete', 'shuffle', 'reverse')",True,0.5,0.7,1,"(1, 1, 1)",targeted,True,0.5,101,2858,True,random,False,"(None, 10, None)",106,0.0,0.0,0.0,0.0
True,GRU4Rec,ml-1m,8192,10,0,0.5,"('replace', 'swap', 'add', 'delete', 'shuffle', 'reverse')",True,0.5,0.7,1,"(1, 1, 1)",targeted,True,0.5,101,Action,True,random,True,"(None, 10, None)",106,0.32075471698113206,0.36792452830188677,0.32075471698113206,0.33962264150943394
True,GRU4Rec,ml-1m,8192,10,0,0.5,"('replace', 'swap', 'add', 'delete', 'shuffle', 'reverse')",True,0.5,0.7,1,"(1, 1, 1)",targeted,True,0.5,101,Adventure,True,random,True,"(None, 10, None)",106,0.19811320754716982,0.16981132075471697,0.11320754716981132,0.09433962264150944
True,GRU4Rec,ml-1m,8192,10,0,0.5,"('replace', 'swap', 'add', 'delete', 'shuffle', 'reverse')",True,0.5,0.7,1,"(1, 1, 1)",targeted,True,0.5,101,Animation,True,random,True,"(None, 10, None)",106,0.02830188679245283,0.018867924528301886,0.009433962264150943,0.009433962264150943
True,GRU4Rec,ml-1m,8192,10,0,0.5,"('replace', 'swap', 'add', 'delete', 'shuffle', 'reverse')",True,0.5,0.7,1,"(1, 1, 1)",targeted,True,0.5,101,Drama,True,random,True,"(None, 10, None)",106,0.32075471698113206,0.25471698113207547,0.16981132075471697,0.16037735849056603
True,GRU4Rec,ml-1m,8192,10,0,0.5,"('replace', 'swap', 'add', 'delete', 'shuffle', 'reverse')",True,0.5,0.7,1,"(1, 1, 1)",targeted,True,0.5,101,Fantasy,True,random,True,"(None, 10, None)",106,0.05660377358490566,0.018867924528301886,0.0,0.0
True,GRU4Rec,ml-1m,8192,10,0,0.5,"('replace', 'swap', 'add', 'delete', 'shuffle', 'reverse')",True,0.5,0.7,1,"(1, 1, 1)",targeted,True,0.5,101,Horror,True,random,True,"(None, 10, None)",106,0.04716981132075472,0.009433962264150943,0.0,0.0
True,GRU4Rec,ml-1m,8192,10,0,0.5,"('replace', 'swap', 'add', 'delete', 'shuffle', 'reverse')",True,0.5,0.7,1,"(1, 1, 1)",targeted,True,0.5,101,NaN,False,random,False,"(None, 10, None)",106,1.0,1.0,1.0,1.0
True,GRU4Rec,ml-1m,8192,10,0,0.5,"('replace', 'swap', 'add', 'delete', 'shuffle', 'reverse')",True,0.5,0.7,1,"(1, 1, 1)",targeted,True,0.5,101,NaN,False,random,True,"(None, 10, None)",106,1.0,1.0,1.0,1.0
True,GRU4Rec,steam,1024,10,0,0.5,"('replace', 'swap', 'add', 'delete', 'shuffle', 'reverse')",True,0.5,0.7,1,"(1, 1, 1)",targeted,True,0.5,10,35140,True,educated,False,"(None, 10, None)",90,0.0,0.0,0.0,0.0
True,GRU4Rec,steam,1024,10,0,0.5,"('replace', 'swap', 'add', 'delete', 'shuffle', 'reverse')",True,0.5,0.7,1,"(1, 1, 1)",targeted,True,0.5,10,271590,True,educated,False,"(None, 10, None)",90,0.0,0.0,0.0,0.0
True,GRU4Rec,steam,1024,10,0,0.5,"('replace', 'swap', 'add', 'delete', 'shuffle', 'reverse')",True,0.5,0.7,1,"(1, 1, 1)",targeted,True,0.5,10,292140,True,educated,False,"(None, 10, None)",90,0.0,0.0,0.0,0.0
True,GRU4Rec,steam,1024,10,0,0.5,"('replace', 'swap', 'add', 'delete', 'shuffle', 'reverse')",True,0.5,0.7,1,"(1, 1, 1)",targeted,True,0.5,10,582160,True,educated,False,"(None, 10, None)",90,0.0,0.0,0.0,0.0
True,GRU4Rec,steam,1024,10,0,0.5,"('replace', 'swap', 'add', 'delete', 'shuffle', 'reverse')",True,0.5,0.7,1,"(1, 1, 1)",targeted,True,0.5,10,Action,True,educated,True,"(None, 10, None)",90,0.7333333333333333,0.8,0.8,0.8888888888888888
True,GRU4Rec,steam,1024,10,0,0.5,"('replace', 'swap', 'add', 'delete', 'shuffle', 'reverse')",True,0.5,0.7,1,"(1, 1, 1)",targeted,True,0.5,10,Free to Play,True,educated,True,"(None, 10, None)",90,0.23333333333333334,0.12222222222222222,0.07777777777777778,0.011111111111111112
True,GRU4Rec,steam,1024,10,0,0.5,"('replace', 'swap', 'add', 'delete', 'shuffle', 'reverse')",True,0.5,0.7,1,"(1, 1, 1)",targeted,True,0.5,10,Indie,True,educated,True,"(None, 10, None)",90,0.3,0.43333333333333335,0.5333333333333333,0.5111111111111111
True,GRU4Rec,steam,1024,10,0,0.5,"('replace', 'swap', 'add', 'delete', 'shuffle', 'reverse')",True,0.5,0.7,1,"(1, 1, 1)",targeted,True,0.5,10,Photo Editing,True,educated,True,"(None, 10, None)",90,0.0,0.0,0.0,0.0
True,GRU4Rec,steam,1024,10,0,0.5,"('replace', 'swap', 'add', 'delete', 'shuffle', 'reverse')",True,0.5,0.7,1,"(1, 1, 1)",targeted,True,0.5,10,Sports,True,educated,True,"(None, 10, None)",90,0.03333333333333333,0.0,0.0,0.0
True,GRU4Rec,steam,1024,10,0,0.5,"('replace', 'swap', 'add', 'delete', 'shuffle', 'reverse')",True,0.5,0.7,1,"(1, 1, 1)",targeted,True,0.5,15,35140,True,educated,False,"(None, 10, None)",92,0.0,0.0,0.0,0.0
True,GRU4Rec,steam,1024,10,0,0.5,"('replace', 'swap', 'add', 'delete', 'shuffle', 'reverse')",True,0.5,0.7,1,"(1, 1, 1)",targeted,True,0.5,15,271590,True,educated,False,"(None, 10, None)",92,0.0,0.0,0.0,0.0
True,GRU4Rec,steam,1024,10,0,0.5,"('replace', 'swap', 'add', 'delete', 'shuffle', 'reverse')",True,0.5,0.7,1,"(1, 1, 1)",targeted,True,0.5,15,292140,True,educated,False,"(None, 10, None)",92,0.0,0.0,0.0,0.0
True,GRU4Rec,steam,1024,10,0,0.5,"('replace', 'swap', 'add', 'delete', 'shuffle', 'reverse')",True,0.5,0.7,1,"(1, 1, 1)",targeted,True,0.5,15,582160,True,educated,False,"(None, 10, None)",92,0.0,0.0,0.0,0.0
True,GRU4Rec,steam,1024,10,0,0.5,"('replace', 'swap', 'add', 'delete', 'shuffle', 'reverse')",True,0.5,0.7,1,"(1, 1, 1)",targeted,True,0.5,15,Action,True,educated,True,"(None, 10, None)",92,0.6739130434782609,0.7608695652173914,0.8260869565217391,0.9239130434782609
True,GRU4Rec,steam,1024,10,0,0.5,"('replace', 'swap', 'add', 'delete', 'shuffle', 'reverse')",True,0.5,0.7,1,"(1, 1, 1)",targeted,True,0.5,15,Free to Play,True,educated,True,"(None, 10, None)",92,0.20652173913043478,0.06521739130434782,0.05434782608695652,0.010869565217391304
True,GRU4Rec,steam,1024,10,0,0.5,"('replace', 'swap', 'add', 'delete', 'shuffle', 'reverse')",True,0.5,0.7,1,"(1, 1, 1)",targeted,True,0.5,15,Indie,True,educated,True,"(None, 10, None)",92,0.32608695652173914,0.4891304347826087,0.4782608695652174,0.4891304347826087
True,GRU4Rec,steam,1024,10,0,0.5,"('replace', 'swap', 'add', 'delete', 'shuffle', 'reverse')",True,0.5,0.7,1,"(1, 1, 1)",targeted,True,0.5,15,Photo Editing,True,educated,True,"(None, 10, None)",92,0.0,0.0,0.0,0.0
True,GRU4Rec,steam,1024,10,0,0.5,"('replace', 'swap', 'add', 'delete', 'shuffle', 'reverse')",True,0.5,0.7,1,"(1, 1, 1)",targeted,True,0.5,15,Sports,True,educated,True,"(None, 10, None)",92,0.021739130434782608,0.010869565217391304,0.0,0.0
True,GRU4Rec,steam,1024,10,0,0.5,"('replace', 'swap', 'add', 'delete', 'shuffle', 'reverse')",True,0.5,0.7,1,"(1, 1, 1)",targeted,True,0.5,101,35140,True,educated,False,"(None, 10, None)",104,0.0,0.0,0.0,0.0
True,GRU4Rec,steam,1024,10,0,0.5,"('replace', 'swap', 'add', 'delete', 'shuffle', 'reverse')",True,0.5,0.7,1,"(1, 1, 1)",targeted,True,0.5,101,271590,True,educated,False,"(None, 10, None)",104,0.0,0.0,0.0,0.0
True,GRU4Rec,steam,1024,10,0,0.5,"('replace', 'swap', 'add', 'delete', 'shuffle', 'reverse')",True,0.5,0.7,1,"(1, 1, 1)",targeted,True,0.5,101,292140,True,educated,False,"(None, 10, None)",104,0.0,0.0,0.0,0.0
True,GRU4Rec,steam,1024,10,0,0.5,"('replace', 'swap', 'add', 'delete', 'shuffle', 'reverse')",True,0.5,0.7,1,"(1, 1, 1)",targeted,True,0.5,101,582160,True,educated,False,"(None, 10, None)",104,0.0,0.0,0.0,0.0
True,GRU4Rec,steam,1024,10,0,0.5,"('replace', 'swap', 'add', 'delete', 'shuffle', 'reverse')",True,0.5,0.7,1,"(1, 1, 1)",targeted,True,0.5,101,Action,True,educated,True,"(None, 10, None)",104,0.6442307692307693,0.7884615384615384,0.8653846153846154,0.9134615384615384
True,GRU4Rec,steam,1024,10,0,0.5,"('replace', 'swap', 'add', 'delete', 'shuffle', 'reverse')",True,0.5,0.7,1,"(1, 1, 1)",targeted,True,0.5,101,Free to Play,True,educated,True,"(None, 10, None)",104,0.23076923076923078,0.14423076923076922,0.07692307692307693,0.0
True,GRU4Rec,steam,1024,10,0,0.5,"('replace', 'swap', 'add', 'delete', 'shuffle', 'reverse')",True,0.5,0.7,1,"(1, 1, 1)",targeted,True,0.5,101,Indie,True,educated,True,"(None, 10, None)",104,0.2980769230769231,0.4519230769230769,0.49038461538461536,0.5192307692307693
True,GRU4Rec,steam,1024,10,0,0.5,"('replace', 'swap', 'add', 'delete', 'shuffle', 'reverse')",True,0.5,0.7,1,"(1, 1, 1)",targeted,True,0.5,101,Photo Editing,True,educated,True,"(None, 10, None)",104,0.0,0.0,0.0,0.0
True,GRU4Rec,steam,1024,10,0,0.5,"('replace', 'swap', 'add', 'delete', 'shuffle', 'reverse')",True,0.5,0.7,1,"(1, 1, 1)",targeted,True,0.5,101,Sports,True,educated,True,"(None, 10, None)",104,0.0,0.0,0.0,0.0
True,GRU4Rec,steam,8192,10,0,0.5,"('replace', 'swap', 'add', 'delete', 'shuffle', 'reverse')",True,0.5,0.7,1,"(1, 1, 1)",targeted,True,0.5,10,35140,True,random,False,"(None, 10, None)",90,0.0,0.0,0.0,0.0
True,GRU4Rec,steam,8192,10,0,0.5,"('replace', 'swap', 'add', 'delete', 'shuffle', 'reverse')",True,0.5,0.7,1,"(1, 1, 1)",targeted,True,0.5,10,271590,True,random,False,"(None, 10, None)",90,0.0,0.0,0.0,0.0
True,GRU4Rec,steam,8192,10,0,0.5,"('replace', 'swap', 'add', 'delete', 'shuffle', 'reverse')",True,0.5,0.7,1,"(1, 1, 1)",targeted,True,0.5,10,292140,True,random,False,"(None, 10, None)",90,0.0,0.0,0.0,0.0
True,GRU4Rec,steam,8192,10,0,0.5,"('replace', 'swap', 'add', 'delete', 'shuffle', 'reverse')",True,0.5,0.7,1,"(1, 1, 1)",targeted,True,0.5,10,582160,True,random,False,"(None, 10, None)",90,0.0,0.0,0.0,0.0
True,GRU4Rec,steam,8192,10,0,0.5,"('replace', 'swap', 'add', 'delete', 'shuffle', 'reverse')",True,0.5,0.7,1,"(1, 1, 1)",targeted,True,0.5,10,Action,True,random,True,"(None, 10, None)",90,0.7333333333333333,0.8,0.8,0.8888888888888888
True,GRU4Rec,steam,8192,10,0,0.5,"('replace', 'swap', 'add', 'delete', 'shuffle', 'reverse')",True,0.5,0.7,1,"(1, 1, 1)",targeted,True,0.5,10,Free to Play,True,random,True,"(None, 10, None)",90,0.23333333333333334,0.12222222222222222,0.07777777777777778,0.011111111111111112
True,GRU4Rec,steam,8192,10,0,0.5,"('replace', 'swap', 'add', 'delete', 'shuffle', 'reverse')",True,0.5,0.7,1,"(1, 1, 1)",targeted,True,0.5,10,Indie,True,random,True,"(None, 10, None)",90,0.3,0.43333333333333335,0.5333333333333333,0.5111111111111111
True,GRU4Rec,steam,8192,10,0,0.5,"('replace', 'swap', 'add', 'delete', 'shuffle', 'reverse')",True,0.5,0.7,1,"(1, 1, 1)",targeted,True,0.5,10,NaN,False,random,False,"(None, 10, None)",90,1.0,1.0,1.0,1.0
True,GRU4Rec,steam,8192,10,0,0.5,"('replace', 'swap', 'add', 'delete', 'shuffle', 'reverse')",True,0.5,0.7,1,"(1, 1, 1)",targeted,True,0.5,10,NaN,False,random,True,"(None, 10, None)",90,1.0,1.0,1.0,1.0
True,GRU4Rec,steam,8192,10,0,0.5,"('replace', 'swap', 'add', 'delete', 'shuffle', 'reverse')",True,0.5,0.7,1,"(1, 1, 1)",targeted,True,0.5,10,Photo Editing,True,random,True,"(None, 10, None)",90,0.0,0.0,0.0,0.0
True,GRU4Rec,steam,8192,10,0,0.5,"('replace', 'swap', 'add', 'delete', 'shuffle', 'reverse')",True,0.5,0.7,1,"(1, 1, 1)",targeted,True,0.5,10,Sports,True,random,True,"(None, 10, None)",90,0.03333333333333333,0.0,0.0,0.0
True,GRU4Rec,steam,8192,10,0,0.5,"('replace', 'swap', 'add', 'delete', 'shuffle', 'reverse')",True,0.5,0.7,1,"(1, 1, 1)",targeted,True,0.5,15,35140,True,random,False,"(None, 10, None)",92,0.0,0.0,0.0,0.0
True,GRU4Rec,steam,8192,10,0,0.5,"('replace', 'swap', 'add', 'delete', 'shuffle', 'reverse')",True,0.5,0.7,1,"(1, 1, 1)",targeted,True,0.5,15,271590,True,random,False,"(None, 10, None)",92,0.0,0.0,0.0,0.0
True,GRU4Rec,steam,8192,10,0,0.5,"('replace', 'swap', 'add', 'delete', 'shuffle', 'reverse')",True,0.5,0.7,1,"(1, 1, 1)",targeted,True,0.5,15,292140,True,random,False,"(None, 10, None)",92,0.0,0.0,0.0,0.0
True,GRU4Rec,steam,8192,10,0,0.5,"('replace', 'swap', 'add', 'delete', 'shuffle', 'reverse')",True,0.5,0.7,1,"(1, 1, 1)",targeted,True,0.5,15,582160,True,random,False,"(None, 10, None)",92,0.0,0.0,0.0,0.0
True,GRU4Rec,steam,8192,10,0,0.5,"('replace', 'swap', 'add', 'delete', 'shuffle', 'reverse')",True,0.5,0.7,1,"(1, 1, 1)",targeted,True,0.5,15,Action,True,random,True,"(None, 10, None)",92,0.6739130434782609,0.7608695652173914,0.8260869565217391,0.9239130434782609
True,GRU4Rec,steam,8192,10,0,0.5,"('replace', 'swap', 'add', 'delete', 'shuffle', 'reverse')",True,0.5,0.7,1,"(1, 1, 1)",targeted,True,0.5,15,Free to Play,True,random,True,"(None, 10, None)",92,0.20652173913043478,0.06521739130434782,0.05434782608695652,0.010869565217391304
True,GRU4Rec,steam,8192,10,0,0.5,"('replace', 'swap', 'add', 'delete', 'shuffle', 'reverse')",True,0.5,0.7,1,"(1, 1, 1)",targeted,True,0.5,15,Indie,True,random,True,"(None, 10, None)",92,0.32608695652173914,0.4891304347826087,0.4782608695652174,0.4891304347826087
True,GRU4Rec,steam,8192,10,0,0.5,"('replace', 'swap', 'add', 'delete', 'shuffle', 'reverse')",True,0.5,0.7,1,"(1, 1, 1)",targeted,True,0.5,15,NaN,False,random,False,"(None, 10, None)",92,1.0,1.0,1.0,1.0
True,GRU4Rec,steam,8192,10,0,0.5,"('replace', 'swap', 'add', 'delete', 'shuffle', 'reverse')",True,0.5,0.7,1,"(1, 1, 1)",targeted,True,0.5,15,NaN,False,random,True,"(None, 10, None)",92,1.0,1.0,1.0,1.0
True,GRU4Rec,steam,8192,10,0,0.5,"('replace', 'swap', 'add', 'delete', 'shuffle', 'reverse')",True,0.5,0.7,1,"(1, 1, 1)",targeted,True,0.5,15,Photo Editing,True,random,True,"(None, 10, None)",92,0.0,0.0,0.0,0.0
True,GRU4Rec,steam,8192,10,0,0.5,"('replace', 'swap', 'add', 'delete', 'shuffle', 'reverse')",True,0.5,0.7,1,"(1, 1, 1)",targeted,True,0.5,15,Sports,True,random,True,"(None, 10, None)",92,0.021739130434782608,0.010869565217391304,0.0,0.0
True,GRU4Rec,steam,8192,10,0,0.5,"('replace', 'swap', 'add', 'delete', 'shuffle', 'reverse')",True,0.5,0.7,1,"(1, 1, 1)",targeted,True,0.5,101,35140,True,random,False,"(None, 10, None)",104,0.0,0.0,0.0,0.0
True,GRU4Rec,steam,8192,10,0,0.5,"('replace', 'swap', 'add', 'delete', 'shuffle', 'reverse')",True,0.5,0.7,1,"(1, 1, 1)",targeted,True,0.5,101,271590,True,random,False,"(None, 10, None)",104,0.0,0.0,0.0,0.0
True,GRU4Rec,steam,8192,10,0,0.5,"('replace', 'swap', 'add', 'delete', 'shuffle', 'reverse')",True,0.5,0.7,1,"(1, 1, 1)",targeted,True,0.5,101,292140,True,random,False,"(None, 10, None)",104,0.0,0.0,0.0,0.0
True,GRU4Rec,steam,8192,10,0,0.5,"('replace', 'swap', 'add', 'delete', 'shuffle', 'reverse')",True,0.5,0.7,1,"(1, 1, 1)",targeted,True,0.5,101,582160,True,random,False,"(None, 10, None)",104,0.0,0.0,0.0,0.0
True,GRU4Rec,steam,8192,10,0,0.5,"('replace', 'swap', 'add', 'delete', 'shuffle', 'reverse')",True,0.5,0.7,1,"(1, 1, 1)",targeted,True,0.5,101,Action,True,random,True,"(None, 10, None)",104,0.6442307692307693,0.7884615384615384,0.8653846153846154,0.9134615384615384
True,GRU4Rec,steam,8192,10,0,0.5,"('replace', 'swap', 'add', 'delete', 'shuffle', 'reverse')",True,0.5,0.7,1,"(1, 1, 1)",targeted,True,0.5,101,Free to Play,True,random,True,"(None, 10, None)",104,0.23076923076923078,0.14423076923076922,0.07692307692307693,0.0
True,GRU4Rec,steam,8192,10,0,0.5,"('replace', 'swap', 'add', 'delete', 'shuffle', 'reverse')",True,0.5,0.7,1,"(1, 1, 1)",targeted,True,0.5,101,Indie,True,random,True,"(None, 10, None)",104,0.2980769230769231,0.4519230769230769,0.49038461538461536,0.5192307692307693
True,GRU4Rec,steam,8192,10,0,0.5,"('replace', 'swap', 'add', 'delete', 'shuffle', 'reverse')",True,0.5,0.7,1,"(1, 1, 1)",targeted,True,0.5,101,NaN,False,random,False,"(None, 10, None)",104,1.0,1.0,1.0,1.0
True,GRU4Rec,steam,8192,10,0,0.5,"('replace', 'swap', 'add', 'delete', 'shuffle', 'reverse')",True,0.5,0.7,1,"(1, 1, 1)",targeted,True,0.5,101,NaN,False,random,True,"(None, 10, None)",104,1.0,1.0,1.0,1.0
True,GRU4Rec,steam,8192,10,0,0.5,"('replace', 'swap', 'add', 'delete', 'shuffle', 'reverse')",True,0.5,0.7,1,"(1, 1, 1)",targeted,True,0.5,101,Photo Editing,True,random,True,"(None, 10, None)",104,0.0,0.0,0.0,0.0
True,GRU4Rec,steam,8192,10,0,0.5,"('replace', 'swap', 'add', 'delete', 'shuffle', 'reverse')",True,0.5,0.7,1,"(1, 1, 1)",targeted,True,0.5,101,Sports,True,random,True,"(None, 10, None)",104,0.0,0.0,0.0,0.0
True,SASRec,ml-100k,1024,10,0,0.5,"('replace', 'swap', 'add', 'delete', 'shuffle', 'reverse')",True,0.5,0.7,1,"(1, 1, 1)",targeted,True,0.5,42,50,True,educated,False,"(None, 10, None)",100,0.01,0.0,0.0,0.0
True,SASRec,ml-100k,1024,10,0,0.5,"('replace', 'swap', 'add', 'delete', 'shuffle', 'reverse')",True,0.5,0.7,1,"(1, 1, 1)",targeted,True,0.5,42,411,True,educated,False,"(None, 10, None)",100,0.0,0.0,0.0,0.0
True,SASRec,ml-100k,1024,10,0,0.5,"('replace', 'swap', 'add', 'delete', 'shuffle', 'reverse')",True,0.5,0.7,1,"(1, 1, 1)",targeted,True,0.5,42,630,True,educated,False,"(None, 10, None)",100,0.0,0.0,0.0,0.0
True,SASRec,ml-100k,1024,10,0,0.5,"('replace', 'swap', 'add', 'delete', 'shuffle', 'reverse')",True,0.5,0.7,1,"(1, 1, 1)",targeted,True,0.5,42,1305,True,educated,False,"(None, 10, None)",100,0.0,0.0,0.0,0.0
True,SASRec,ml-100k,1024,10,0,0.5,"('replace', 'swap', 'add', 'delete', 'shuffle', 'reverse')",True,0.5,0.7,1,"(1, 1, 1)",targeted,True,0.5,42,Action,True,educated,True,"(None, 10, None)",100,0.19,0.31,0.26,0.26
True,SASRec,ml-100k,1024,10,0,0.5,"('replace', 'swap', 'add', 'delete', 'shuffle', 'reverse')",True,0.5,0.7,1,"(1, 1, 1)",targeted,True,0.5,42,Adventure,True,educated,True,"(None, 10, None)",100,0.12,0.13,0.08,0.09
True,SASRec,ml-100k,1024,10,0,0.5,"('replace', 'swap', 'add', 'delete', 'shuffle', 'reverse')",True,0.5,0.7,1,"(1, 1, 1)",targeted,True,0.5,42,Animation,True,educated,True,"(None, 10, None)",100,0.01,0.0,0.0,0.0
True,SASRec,ml-100k,1024,10,0,0.5,"('replace', 'swap', 'add', 'delete', 'shuffle', 'reverse')",True,0.5,0.7,1,"(1, 1, 1)",targeted,True,0.5,42,Drama,True,educated,True,"(None, 10, None)",100,0.46,0.4,0.38,0.37
True,SASRec,ml-100k,1024,10,0,0.5,"('replace', 'swap', 'add', 'delete', 'shuffle', 'reverse')",True,0.5,0.7,1,"(1, 1, 1)",targeted,True,0.5,42,Fantasy,True,educated,True,"(None, 10, None)",100,0.02,0.0,0.0,0.0
True,SASRec,ml-100k,1024,10,0,0.5,"('replace', 'swap', 'add', 'delete', 'shuffle', 'reverse')",True,0.5,0.7,1,"(1, 1, 1)",targeted,True,0.5,42,Horror,True,educated,True,"(None, 10, None)",100,0.05,0.05,0.02,0.02
True,SASRec,ml-100k,8192,10,0,0.5,"('replace', 'swap', 'add', 'delete', 'shuffle', 'reverse')",True,0.5,0.7,1,"(1, 1, 1)",targeted,True,0.5,42,50,True,random,False,"(None, 10, None)",100,0.01,0.0,0.0,0.0
True,SASRec,ml-100k,8192,10,0,0.5,"('replace', 'swap', 'add', 'delete', 'shuffle', 'reverse')",True,0.5,0.7,1,"(1, 1, 1)",targeted,True,0.5,42,411,True,random,False,"(None, 10, None)",100,0.0,0.0,0.0,0.0
True,SASRec,ml-100k,8192,10,0,0.5,"('replace', 'swap', 'add', 'delete', 'shuffle', 'reverse')",True,0.5,0.7,1,"(1, 1, 1)",targeted,True,0.5,42,630,True,random,False,"(None, 10, None)",100,0.0,0.0,0.0,0.0
True,SASRec,ml-100k,8192,10,0,0.5,"('replace', 'swap', 'add', 'delete', 'shuffle', 'reverse')",True,0.5,0.7,1,"(1, 1, 1)",targeted,True,0.5,42,1305,True,random,False,"(None, 10, None)",100,0.0,0.0,0.0,0.0
True,SASRec,ml-100k,8192,10,0,0.5,"('replace', 'swap', 'add', 'delete', 'shuffle', 'reverse')",True,0.5,0.7,1,"(1, 1, 1)",targeted,True,0.5,42,Action,True,random,True,"(None, 10, None)",100,0.19,0.31,0.26,0.26
True,SASRec,ml-100k,8192,10,0,0.5,"('replace', 'swap', 'add', 'delete', 'shuffle', 'reverse')",True,0.5,0.7,1,"(1, 1, 1)",targeted,True,0.5,42,Adventure,True,random,True,"(None, 10, None)",100,0.12,0.13,0.08,0.09
True,SASRec,ml-100k,8192,10,0,0.5,"('replace', 'swap', 'add', 'delete', 'shuffle', 'reverse')",True,0.5,0.7,1,"(1, 1, 1)",targeted,True,0.5,42,Animation,True,random,True,"(None, 10, None)",100,0.01,0.0,0.0,0.0
True,SASRec,ml-100k,8192,10,0,0.5,"('replace', 'swap', 'add', 'delete', 'shuffle', 'reverse')",True,0.5,0.7,1,"(1, 1, 1)",targeted,True,0.5,42,Drama,True,random,True,"(None, 10, None)",100,0.46,0.4,0.38,0.37
True,SASRec,ml-100k,8192,10,0,0.5,"('replace', 'swap', 'add', 'delete', 'shuffle', 'reverse')",True,0.5,0.7,1,"(1, 1, 1)",targeted,True,0.5,42,Fantasy,True,random,True,"(None, 10, None)",100,0.02,0.0,0.0,0.0
True,SASRec,ml-100k,8192,10,0,0.5,"('replace', 'swap', 'add', 'delete', 'shuffle', 'reverse')",True,0.5,0.7,1,"(1, 1, 1)",targeted,True,0.5,42,Horror,True,random,True,"(None, 10, None)",100,0.05,0.05,0.02,0.02
True,SASRec,ml-100k,8192,10,0,0.5,"('replace', 'swap', 'add', 'delete', 'shuffle', 'reverse')",True,0.5,0.7,1,"(1, 1, 1)",targeted,True,0.5,42,NaN,False,random,False,"(None, 10, None)",100,1.0,1.0,1.0,1.0
True,SASRec,ml-100k,8192,10,0,0.5,"('replace', 'swap', 'add', 'delete', 'shuffle', 'reverse')",True,0.5,0.7,1,"(1, 1, 1)",targeted,True,0.5,42,NaN,False,random,True,"(None, 10, None)",100,1.0,1.0,1.0,1.0
True,SASRec,ml-1m,1024,10,0,0.5,"('replace', 'swap', 'add', 'delete', 'shuffle', 'reverse')",True,0.5,0.7,1,"(1, 1, 1)",targeted,True,0.5,10,728,True,educated,False,"(None, 10, None)",96,0.0,0.0,0.0,0.0
True,SASRec,ml-1m,1024,10,0,0.5,"('replace', 'swap', 'add', 'delete', 'shuffle', 'reverse')",True,0.5,0.7,1,"(1, 1, 1)",targeted,True,0.5,10,2005,True,educated,False,"(None, 10, None)",96,0.0,0.0,0.0,0.0
True,SASRec,ml-1m,1024,10,0,0.5,"('replace', 'swap', 'add', 'delete', 'shuffle', 'reverse')",True,0.5,0.7,1,"(1, 1, 1)",targeted,True,0.5,10,2738,True,educated,False,"(None, 10, None)",96,0.0,0.0,0.0,0.0
True,SASRec,ml-1m,1024,10,0,0.5,"('replace', 'swap', 'add', 'delete', 'shuffle', 'reverse')",True,0.5,0.7,1,"(1, 1, 1)",targeted,True,0.5,10,2858,True,educated,False,"(None, 10, None)",96,0.0,0.0,0.0,0.0
True,SASRec,ml-1m,1024,10,0,0.5,"('replace', 'swap', 'add', 'delete', 'shuffle', 'reverse')",True,0.5,0.7,1,"(1, 1, 1)",targeted,True,0.5,10,Action,True,educated,True,"(None, 10, None)",96,0.3020833333333333,0.3333333333333333,0.3229166666666667,0.3125
True,SASRec,ml-1m,1024,10,0,0.5,"('replace', 'swap', 'add', 'delete', 'shuffle', 'reverse')",True,0.5,0.7,1,"(1, 1, 1)",targeted,True,0.5,10,Adventure,True,educated,True,"(None, 10, None)",96,0.17708333333333334,0.15625,0.14583333333333334,0.13541666666666666
True,SASRec,ml-1m,1024,10,0,0.5,"('replace', 'swap', 'add', 'delete', 'shuffle', 'reverse')",True,0.5,0.7,1,"(1, 1, 1)",targeted,True,0.5,10,Animation,True,educated,True,"(None, 10, None)",96,0.041666666666666664,0.0625,0.03125,0.020833333333333332
True,SASRec,ml-1m,1024,10,0,0.5,"('replace', 'swap', 'add', 'delete', 'shuffle', 'reverse')",True,0.5,0.7,1,"(1, 1, 1)",targeted,True,0.5,10,Drama,True,educated,True,"(None, 10, None)",96,0.28125,0.2604166666666667,0.25,0.22916666666666666
True,SASRec,ml-1m,1024,10,0,0.5,"('replace', 'swap', 'add', 'delete', 'shuffle', 'reverse')",True,0.5,0.7,1,"(1, 1, 1)",targeted,True,0.5,10,Fantasy,True,educated,True,"(None, 10, None)",96,0.052083333333333336,0.041666666666666664,0.03125,0.03125
True,SASRec,ml-1m,1024,10,0,0.5,"('replace', 'swap', 'add', 'delete', 'shuffle', 'reverse')",True,0.5,0.7,1,"(1, 1, 1)",targeted,True,0.5,10,Horror,True,educated,True,"(None, 10, None)",96,0.09375,0.10416666666666667,0.09375,0.0625
True,SASRec,ml-1m,1024,10,0,0.5,"('replace', 'swap', 'add', 'delete', 'shuffle', 'reverse')",True,0.5,0.7,1,"(1, 1, 1)",targeted,True,0.5,15,728,True,educated,False,"(None, 10, None)",104,0.0,0.0,0.0,0.0
True,SASRec,ml-1m,1024,10,0,0.5,"('replace', 'swap', 'add', 'delete', 'shuffle', 'reverse')",True,0.5,0.7,1,"(1, 1, 1)",targeted,True,0.5,15,2005,True,educated,False,"(None, 10, None)",104,0.0,0.0,0.0,0.0
True,SASRec,ml-1m,1024,10,0,0.5,"('replace', 'swap', 'add', 'delete', 'shuffle', 'reverse')",True,0.5,0.7,1,"(1, 1, 1)",targeted,True,0.5,15,2738,True,educated,False,"(None, 10, None)",104,0.0,0.0,0.0,0.0
True,SASRec,ml-1m,1024,10,0,0.5,"('replace', 'swap', 'add', 'delete', 'shuffle', 'reverse')",True,0.5,0.7,1,"(1, 1, 1)",targeted,True,0.5,15,2858,True,educated,False,"(None, 10, None)",104,0.0,0.0,0.0,0.0
True,SASRec,ml-1m,1024,10,0,0.5,"('replace', 'swap', 'add', 'delete', 'shuffle', 'reverse')",True,0.5,0.7,1,"(1, 1, 1)",targeted,True,0.5,15,Action,True,educated,True,"(None, 10, None)",104,0.2692307692307692,0.23076923076923078,0.2403846153846154,0.18269230769230768
True,SASRec,ml-1m,1024,10,0,0.5,"('replace', 'swap', 'add', 'delete', 'shuffle', 'reverse')",True,0.5,0.7,1,"(1, 1, 1)",targeted,True,0.5,15,Adventure,True,educated,True,"(None, 10, None)",104,0.15384615384615385,0.125,0.09615384615384616,0.07692307692307693
True,SASRec,ml-1m,1024,10,0,0.5,"('replace', 'swap', 'add', 'delete', 'shuffle', 'reverse')",True,0.5,0.7,1,"(1, 1, 1)",targeted,True,0.5,15,Animation,True,educated,True,"(None, 10, None)",104,0.0673076923076923,0.04807692307692308,0.028846153846153848,0.019230769230769232
True,SASRec,ml-1m,1024,10,0,0.5,"('replace', 'swap', 'add', 'delete', 'shuffle', 'reverse')",True,0.5,0.7,1,"(1, 1, 1)",targeted,True,0.5,15,Drama,True,educated,True,"(None, 10, None)",104,0.375,0.36538461538461536,0.3557692307692308,0.33653846153846156
True,SASRec,ml-1m,1024,10,0,0.5,"('replace', 'swap', 'add', 'delete', 'shuffle', 'reverse')",True,0.5,0.7,1,"(1, 1, 1)",targeted,True,0.5,15,Fantasy,True,educated,True,"(None, 10, None)",104,0.028846153846153848,0.019230769230769232,0.019230769230769232,0.009615384615384616
True,SASRec,ml-1m,1024,10,0,0.5,"('replace', 'swap', 'add', 'delete', 'shuffle', 'reverse')",True,0.5,0.7,1,"(1, 1, 1)",targeted,True,0.5,15,Horror,True,educated,True,"(None, 10, None)",104,0.057692307692307696,0.038461538461538464,0.038461538461538464,0.038461538461538464
True,SASRec,ml-1m,1024,10,0,0.5,"('replace', 'swap', 'add', 'delete', 'shuffle', 'reverse')",True,0.5,0.7,1,"(1, 1, 1)",targeted,True,0.5,101,728,True,educated,False,"(None, 10, None)",106,0.0,0.0,0.0,0.0
True,SASRec,ml-1m,1024,10,0,0.5,"('replace', 'swap', 'add', 'delete', 'shuffle', 'reverse')",True,0.5,0.7,1,"(1, 1, 1)",targeted,True,0.5,101,2005,True,educated,False,"(None, 10, None)",106,0.0,0.0,0.0,0.0
True,SASRec,ml-1m,1024,10,0,0.5,"('replace', 'swap', 'add', 'delete', 'shuffle', 'reverse')",True,0.5,0.7,1,"(1, 1, 1)",targeted,True,0.5,101,2738,True,educated,False,"(None, 10, None)",106,0.0,0.0,0.0,0.0
True,SASRec,ml-1m,1024,10,0,0.5,"('replace', 'swap', 'add', 'delete', 'shuffle', 'reverse')",True,0.5,0.7,1,"(1, 1, 1)",targeted,True,0.5,101,2858,True,educated,False,"(None, 10, None)",106,0.0,0.0,0.0,0.0
True,SASRec,ml-1m,1024,10,0,0.5,"('replace', 'swap', 'add', 'delete', 'shuffle', 'reverse')",True,0.5,0.7,1,"(1, 1, 1)",targeted,True,0.5,101,Action,True,educated,True,"(None, 10, None)",106,0.2358490566037736,0.29245283018867924,0.27358490566037735,0.2641509433962264
True,SASRec,ml-1m,1024,10,0,0.5,"('replace', 'swap', 'add', 'delete', 'shuffle', 'reverse')",True,0.5,0.7,1,"(1, 1, 1)",targeted,True,0.5,101,Adventure,True,educated,True,"(None, 10, None)",106,0.14150943396226415,0.14150943396226415,0.11320754716981132,0.07547169811320754
True,SASRec,ml-1m,1024,10,0,0.5,"('replace', 'swap', 'add', 'delete', 'shuffle', 'reverse')",True,0.5,0.7,1,"(1, 1, 1)",targeted,True,0.5,101,Animation,True,educated,True,"(None, 10, None)",106,0.09433962264150944,0.05660377358490566,0.04716981132075472,0.04716981132075472
True,SASRec,ml-1m,1024,10,0,0.5,"('replace', 'swap', 'add', 'delete', 'shuffle', 'reverse')",True,0.5,0.7,1,"(1, 1, 1)",targeted,True,0.5,101,Drama,True,educated,True,"(None, 10, None)",106,0.3018867924528302,0.27358490566037735,0.25471698113207547,0.2358490566037736
True,SASRec,ml-1m,1024,10,0,0.5,"('replace', 'swap', 'add', 'delete', 'shuffle', 'reverse')",True,0.5,0.7,1,"(1, 1, 1)",targeted,True,0.5,101,Fantasy,True,educated,True,"(None, 10, None)",106,0.02830188679245283,0.02830188679245283,0.018867924528301886,0.018867924528301886
True,SASRec,ml-1m,1024,10,0,0.5,"('replace', 'swap', 'add', 'delete', 'shuffle', 'reverse')",True,0.5,0.7,1,"(1, 1, 1)",targeted,True,0.5,101,Horror,True,educated,True,"(None, 10, None)",106,0.11320754716981132,0.08490566037735849,0.04716981132075472,0.03773584905660377
True,SASRec,ml-1m,8192,10,0,0.5,"('replace', 'swap', 'add', 'delete', 'shuffle', 'reverse')",True,0.5,0.7,1,"(1, 1, 1)",targeted,True,0.5,10,728,True,random,False,"(None, 10, None)",96,0.0,0.0,0.0,0.0
True,SASRec,ml-1m,8192,10,0,0.5,"('replace', 'swap', 'add', 'delete', 'shuffle', 'reverse')",True,0.5,0.7,1,"(1, 1, 1)",targeted,True,0.5,10,2005,True,random,False,"(None, 10, None)",96,0.0,0.0,0.0,0.0
True,SASRec,ml-1m,8192,10,0,0.5,"('replace', 'swap', 'add', 'delete', 'shuffle', 'reverse')",True,0.5,0.7,1,"(1, 1, 1)",targeted,True,0.5,10,2738,True,random,False,"(None, 10, None)",96,0.0,0.0,0.0,0.0
True,SASRec,ml-1m,8192,10,0,0.5,"('replace', 'swap', 'add', 'delete', 'shuffle', 'reverse')",True,0.5,0.7,1,"(1, 1, 1)",targeted,True,0.5,10,2858,True,random,False,"(None, 10, None)",96,0.0,0.0,0.0,0.0
True,SASRec,ml-1m,8192,10,0,0.5,"('replace', 'swap', 'add', 'delete', 'shuffle', 'reverse')",True,0.5,0.7,1,"(1, 1, 1)",targeted,True,0.5,10,Action,True,random,True,"(None, 10, None)",96,0.3020833333333333,0.3333333333333333,0.3229166666666667,0.3125
True,SASRec,ml-1m,8192,10,0,0.5,"('replace', 'swap', 'add', 'delete', 'shuffle', 'reverse')",True,0.5,0.7,1,"(1, 1, 1)",targeted,True,0.5,10,Adventure,True,random,True,"(None, 10, None)",96,0.17708333333333334,0.15625,0.14583333333333334,0.13541666666666666
True,SASRec,ml-1m,8192,10,0,0.5,"('replace', 'swap', 'add', 'delete', 'shuffle', 'reverse')",True,0.5,0.7,1,"(1, 1, 1)",targeted,True,0.5,10,Animation,True,random,True,"(None, 10, None)",96,0.041666666666666664,0.0625,0.03125,0.020833333333333332
True,SASRec,ml-1m,8192,10,0,0.5,"('replace', 'swap', 'add', 'delete', 'shuffle', 'reverse')",True,0.5,0.7,1,"(1, 1, 1)",targeted,True,0.5,10,Drama,True,random,True,"(None, 10, None)",96,0.28125,0.2604166666666667,0.25,0.22916666666666666
True,SASRec,ml-1m,8192,10,0,0.5,"('replace', 'swap', 'add', 'delete', 'shuffle', 'reverse')",True,0.5,0.7,1,"(1, 1, 1)",targeted,True,0.5,10,Fantasy,True,random,True,"(None, 10, None)",96,0.052083333333333336,0.041666666666666664,0.03125,0.03125
True,SASRec,ml-1m,8192,10,0,0.5,"('replace', 'swap', 'add', 'delete', 'shuffle', 'reverse')",True,0.5,0.7,1,"(1, 1, 1)",targeted,True,0.5,10,Horror,True,random,True,"(None, 10, None)",96,0.10416666666666667,0.10416666666666667,0.09375,0.0625
True,SASRec,ml-1m,8192,10,0,0.5,"('replace', 'swap', 'add', 'delete', 'shuffle', 'reverse')",True,0.5,0.7,1,"(1, 1, 1)",targeted,True,0.5,10,NaN,False,random,False,"(None, 10, None)",96,1.0,1.0,1.0,1.0
True,SASRec,ml-1m,8192,10,0,0.5,"('replace', 'swap', 'add', 'delete', 'shuffle', 'reverse')",True,0.5,0.7,1,"(1, 1, 1)",targeted,True,0.5,10,NaN,False,random,True,"(None, 10, None)",96,1.0,1.0,1.0,1.0
True,SASRec,ml-1m,8192,10,0,0.5,"('replace', 'swap', 'add', 'delete', 'shuffle', 'reverse')",True,0.5,0.7,1,"(1, 1, 1)",targeted,True,0.5,15,728,True,random,False,"(None, 10, None)",104,0.0,0.0,0.0,0.0
True,SASRec,ml-1m,8192,10,0,0.5,"('replace', 'swap', 'add', 'delete', 'shuffle', 'reverse')",True,0.5,0.7,1,"(1, 1, 1)",targeted,True,0.5,15,2005,True,random,False,"(None, 10, None)",104,0.009615384615384616,0.0,0.0,0.0
True,SASRec,ml-1m,8192,10,0,0.5,"('replace', 'swap', 'add', 'delete', 'shuffle', 'reverse')",True,0.5,0.7,1,"(1, 1, 1)",targeted,True,0.5,15,2738,True,random,False,"(None, 10, None)",104,0.0,0.0,0.0,0.0
True,SASRec,ml-1m,8192,10,0,0.5,"('replace', 'swap', 'add', 'delete', 'shuffle', 'reverse')",True,0.5,0.7,1,"(1, 1, 1)",targeted,True,0.5,15,2858,True,random,False,"(None, 10, None)",104,0.0,0.0,0.0,0.0
True,SASRec,ml-1m,8192,10,0,0.5,"('replace', 'swap', 'add', 'delete', 'shuffle', 'reverse')",True,0.5,0.7,1,"(1, 1, 1)",targeted,True,0.5,15,Action,True,random,True,"(None, 10, None)",104,0.2692307692307692,0.23076923076923078,0.2403846153846154,0.18269230769230768
True,SASRec,ml-1m,8192,10,0,0.5,"('replace', 'swap', 'add', 'delete', 'shuffle', 'reverse')",True,0.5,0.7,1,"(1, 1, 1)",targeted,True,0.5,15,Adventure,True,random,True,"(None, 10, None)",104,0.15384615384615385,0.125,0.09615384615384616,0.07692307692307693
True,SASRec,ml-1m,8192,10,0,0.5,"('replace', 'swap', 'add', 'delete', 'shuffle', 'reverse')",True,0.5,0.7,1,"(1, 1, 1)",targeted,True,0.5,15,Animation,True,random,True,"(None, 10, None)",104,0.0673076923076923,0.04807692307692308,0.028846153846153848,0.019230769230769232
True,SASRec,ml-1m,8192,10,0,0.5,"('replace', 'swap', 'add', 'delete', 'shuffle', 'reverse')",True,0.5,0.7,1,"(1, 1, 1)",targeted,True,0.5,15,Drama,True,random,True,"(None, 10, None)",104,0.375,0.36538461538461536,0.3557692307692308,0.33653846153846156
True,SASRec,ml-1m,8192,10,0,0.5,"('replace', 'swap', 'add', 'delete', 'shuffle', 'reverse')",True,0.5,0.7,1,"(1, 1, 1)",targeted,True,0.5,15,Fantasy,True,random,True,"(None, 10, None)",104,0.028846153846153848,0.019230769230769232,0.019230769230769232,0.009615384615384616
True,SASRec,ml-1m,8192,10,0,0.5,"('replace', 'swap', 'add', 'delete', 'shuffle', 'reverse')",True,0.5,0.7,1,"(1, 1, 1)",targeted,True,0.5,15,Horror,True,random,True,"(None, 10, None)",104,0.057692307692307696,0.038461538461538464,0.038461538461538464,0.038461538461538464
True,SASRec,ml-1m,8192,10,0,0.5,"('replace', 'swap', 'add', 'delete', 'shuffle', 'reverse')",True,0.5,0.7,1,"(1, 1, 1)",targeted,True,0.5,15,NaN,False,random,False,"(None, 10, None)",104,1.0,1.0,1.0,1.0
True,SASRec,ml-1m,8192,10,0,0.5,"('replace', 'swap', 'add', 'delete', 'shuffle', 'reverse')",True,0.5,0.7,1,"(1, 1, 1)",targeted,True,0.5,15,NaN,False,random,True,"(None, 10, None)",104,1.0,1.0,1.0,1.0
True,SASRec,ml-1m,8192,10,0,0.5,"('replace', 'swap', 'add', 'delete', 'shuffle', 'reverse')",True,0.5,0.7,1,"(1, 1, 1)",targeted,True,0.5,101,728,True,random,False,"(None, 10, None)",106,0.0,0.0,0.0,0.0
True,SASRec,ml-1m,8192,10,0,0.5,"('replace', 'swap', 'add', 'delete', 'shuffle', 'reverse')",True,0.5,0.7,1,"(1, 1, 1)",targeted,True,0.5,101,2005,True,random,False,"(None, 10, None)",106,0.0,0.0,0.0,0.0
True,SASRec,ml-1m,8192,10,0,0.5,"('replace', 'swap', 'add', 'delete', 'shuffle', 'reverse')",True,0.5,0.7,1,"(1, 1, 1)",targeted,True,0.5,101,2738,True,random,False,"(None, 10, None)",106,0.0,0.0,0.0,0.0
True,SASRec,ml-1m,8192,10,0,0.5,"('replace', 'swap', 'add', 'delete', 'shuffle', 'reverse')",True,0.5,0.7,1,"(1, 1, 1)",targeted,True,0.5,101,2858,True,random,False,"(None, 10, None)",106,0.0,0.0,0.0,0.0
True,SASRec,ml-1m,8192,10,0,0.5,"('replace', 'swap', 'add', 'delete', 'shuffle', 'reverse')",True,0.5,0.7,1,"(1, 1, 1)",targeted,True,0.5,101,Action,True,random,True,"(None, 10, None)",106,0.2358490566037736,0.29245283018867924,0.27358490566037735,0.2641509433962264
True,SASRec,ml-1m,8192,10,0,0.5,"('replace', 'swap', 'add', 'delete', 'shuffle', 'reverse')",True,0.5,0.7,1,"(1, 1, 1)",targeted,True,0.5,101,Adventure,True,random,True,"(None, 10, None)",106,0.14150943396226415,0.14150943396226415,0.11320754716981132,0.07547169811320754
True,SASRec,ml-1m,8192,10,0,0.5,"('replace', 'swap', 'add', 'delete', 'shuffle', 'reverse')",True,0.5,0.7,1,"(1, 1, 1)",targeted,True,0.5,101,Animation,True,random,True,"(None, 10, None)",106,0.09433962264150944,0.05660377358490566,0.04716981132075472,0.04716981132075472
True,SASRec,ml-1m,8192,10,0,0.5,"('replace', 'swap', 'add', 'delete', 'shuffle', 'reverse')",True,0.5,0.7,1,"(1, 1, 1)",targeted,True,0.5,101,Drama,True,random,True,"(None, 10, None)",106,0.3018867924528302,0.27358490566037735,0.25471698113207547,0.2358490566037736
True,SASRec,ml-1m,8192,10,0,0.5,"('replace', 'swap', 'add', 'delete', 'shuffle', 'reverse')",True,0.5,0.7,1,"(1, 1, 1)",targeted,True,0.5,101,Fantasy,True,random,True,"(None, 10, None)",106,0.02830188679245283,0.02830188679245283,0.018867924528301886,0.018867924528301886
True,SASRec,ml-1m,8192,10,0,0.5,"('replace', 'swap', 'add', 'delete', 'shuffle', 'reverse')",True,0.5,0.7,1,"(1, 1, 1)",targeted,True,0.5,101,Horror,True,random,True,"(None, 10, None)",106,0.11320754716981132,0.08490566037735849,0.04716981132075472,0.03773584905660377
True,SASRec,ml-1m,8192,10,0,0.5,"('replace', 'swap', 'add', 'delete', 'shuffle', 'reverse')",True,0.5,0.7,1,"(1, 1, 1)",targeted,True,0.5,101,NaN,False,random,False,"(None, 10, None)",106,1.0,1.0,1.0,1.0
True,SASRec,ml-1m,8192,10,0,0.5,"('replace', 'swap', 'add', 'delete', 'shuffle', 'reverse')",True,0.5,0.7,1,"(1, 1, 1)",targeted,True,0.5,101,NaN,False,random,True,"(None, 10, None)",106,1.0,1.0,1.0,1.0
True,SASRec,steam,1024,10,0,0.5,"('replace', 'swap', 'add', 'delete', 'shuffle', 'reverse')",True,0.5,0.7,1,"(1, 1, 1)",targeted,True,0.5,10,35140,True,educated,False,"(None, 10, None)",90,0.0,0.0,0.0,0.0
True,SASRec,steam,1024,10,0,0.5,"('replace', 'swap', 'add', 'delete', 'shuffle', 'reverse')",True,0.5,0.7,1,"(1, 1, 1)",targeted,True,0.5,10,271590,True,educated,False,"(None, 10, None)",90,0.0,0.0,0.0,0.0
True,SASRec,steam,1024,10,0,0.5,"('replace', 'swap', 'add', 'delete', 'shuffle', 'reverse')",True,0.5,0.7,1,"(1, 1, 1)",targeted,True,0.5,10,292140,True,educated,False,"(None, 10, None)",90,0.0,0.0,0.0,0.0
True,SASRec,steam,1024,10,0,0.5,"('replace', 'swap', 'add', 'delete', 'shuffle', 'reverse')",True,0.5,0.7,1,"(1, 1, 1)",targeted,True,0.5,10,582160,True,educated,False,"(None, 10, None)",90,0.0,0.0,0.0,0.0
True,SASRec,steam,1024,10,0,0.5,"('replace', 'swap', 'add', 'delete', 'shuffle', 'reverse')",True,0.5,0.7,1,"(1, 1, 1)",targeted,True,0.5,10,Action,True,educated,True,"(None, 10, None)",90,0.8444444444444444,0.9444444444444444,0.9777777777777777,0.9888888888888889
True,SASRec,steam,1024,10,0,0.5,"('replace', 'swap', 'add', 'delete', 'shuffle', 'reverse')",True,0.5,0.7,1,"(1, 1, 1)",targeted,True,0.5,10,Free to Play,True,educated,True,"(None, 10, None)",90,0.25555555555555554,0.044444444444444446,0.03333333333333333,0.011111111111111112
True,SASRec,steam,1024,10,0,0.5,"('replace', 'swap', 'add', 'delete', 'shuffle', 'reverse')",True,0.5,0.7,1,"(1, 1, 1)",targeted,True,0.5,10,Indie,True,educated,True,"(None, 10, None)",90,0.2,0.5111111111111111,0.4888888888888889,0.5111111111111111
True,SASRec,steam,1024,10,0,0.5,"('replace', 'swap', 'add', 'delete', 'shuffle', 'reverse')",True,0.5,0.7,1,"(1, 1, 1)",targeted,True,0.5,10,Photo Editing,True,educated,True,"(None, 10, None)",90,0.0,0.0,0.0,0.0
True,SASRec,steam,1024,10,0,0.5,"('replace', 'swap', 'add', 'delete', 'shuffle', 'reverse')",True,0.5,0.7,1,"(1, 1, 1)",targeted,True,0.5,10,Sports,True,educated,True,"(None, 10, None)",90,0.011111111111111112,0.0,0.0,0.0
True,SASRec,steam,1024,10,0,0.5,"('replace', 'swap', 'add', 'delete', 'shuffle', 'reverse')",True,0.5,0.7,1,"(1, 1, 1)",targeted,True,0.5,15,35140,True,educated,False,"(None, 10, None)",92,0.0,0.0,0.0,0.0
True,SASRec,steam,1024,10,0,0.5,"('replace', 'swap', 'add', 'delete', 'shuffle', 'reverse')",True,0.5,0.7,1,"(1, 1, 1)",targeted,True,0.5,15,271590,True,educated,False,"(None, 10, None)",92,0.0,0.0,0.0,0.0
True,SASRec,steam,1024,10,0,0.5,"('replace', 'swap', 'add', 'delete', 'shuffle', 'reverse')",True,0.5,0.7,1,"(1, 1, 1)",targeted,True,0.5,15,292140,True,educated,False,"(None, 10, None)",92,0.0,0.0,0.0,0.0
True,SASRec,steam,1024,10,0,0.5,"('replace', 'swap', 'add', 'delete', 'shuffle', 'reverse')",True,0.5,0.7,1,"(1, 1, 1)",targeted,True,0.5,15,582160,True,educated,False,"(None, 10, None)",92,0.0,0.0,0.0,0.0
True,SASRec,steam,1024,10,0,0.5,"('replace', 'swap', 'add', 'delete', 'shuffle', 'reverse')",True,0.5,0.7,1,"(1, 1, 1)",targeted,True,0.5,15,Action,True,educated,True,"(None, 10, None)",92,0.8043478260869565,0.9021739130434783,0.9456521739130435,0.967391304347826
True,SASRec,steam,1024,10,0,0.5,"('replace', 'swap', 'add', 'delete', 'shuffle', 'reverse')",True,0.5,0.7,1,"(1, 1, 1)",targeted,True,0.5,15,Free to Play,True,educated,True,"(None, 10, None)",92,0.1956521739130435,0.07608695652173914,0.010869565217391304,0.010869565217391304
True,SASRec,steam,1024,10,0,0.5,"('replace', 'swap', 'add', 'delete', 'shuffle', 'reverse')",True,0.5,0.7,1,"(1, 1, 1)",targeted,True,0.5,15,Indie,True,educated,True,"(None, 10, None)",92,0.21739130434782608,0.42391304347826086,0.532608695652174,0.5434782608695652
True,SASRec,steam,1024,10,0,0.5,"('replace', 'swap', 'add', 'delete', 'shuffle', 'reverse')",True,0.5,0.7,1,"(1, 1, 1)",targeted,True,0.5,15,Photo Editing,True,educated,True,"(None, 10, None)",92,0.0,0.0,0.0,0.0
True,SASRec,steam,1024,10,0,0.5,"('replace', 'swap', 'add', 'delete', 'shuffle', 'reverse')",True,0.5,0.7,1,"(1, 1, 1)",targeted,True,0.5,15,Sports,True,educated,True,"(None, 10, None)",92,0.010869565217391304,0.0,0.0,0.0
True,SASRec,steam,8192,10,0,0.5,"('replace', 'swap', 'add', 'delete', 'shuffle', 'reverse')",True,0.5,0.7,1,"(1, 1, 1)",targeted,True,0.5,10,35140,True,random,False,"(None, 10, None)",90,0.0,0.0,0.0,0.0
True,SASRec,steam,8192,10,0,0.5,"('replace', 'swap', 'add', 'delete', 'shuffle', 'reverse')",True,0.5,0.7,1,"(1, 1, 1)",targeted,True,0.5,10,271590,True,random,False,"(None, 10, None)",90,0.0,0.0,0.0,0.0
True,SASRec,steam,8192,10,0,0.5,"('replace', 'swap', 'add', 'delete', 'shuffle', 'reverse')",True,0.5,0.7,1,"(1, 1, 1)",targeted,True,0.5,10,292140,True,random,False,"(None, 10, None)",90,0.0,0.0,0.0,0.0
True,SASRec,steam,8192,10,0,0.5,"('replace', 'swap', 'add', 'delete', 'shuffle', 'reverse')",True,0.5,0.7,1,"(1, 1, 1)",targeted,True,0.5,10,582160,True,random,False,"(None, 10, None)",90,0.0,0.0,0.0,0.0
True,SASRec,steam,8192,10,0,0.5,"('replace', 'swap', 'add', 'delete', 'shuffle', 'reverse')",True,0.5,0.7,1,"(1, 1, 1)",targeted,True,0.5,10,Action,True,random,True,"(None, 10, None)",90,0.8444444444444444,0.9444444444444444,0.9777777777777777,0.9888888888888889
True,SASRec,steam,8192,10,0,0.5,"('replace', 'swap', 'add', 'delete', 'shuffle', 'reverse')",True,0.5,0.7,1,"(1, 1, 1)",targeted,True,0.5,10,Free to Play,True,random,True,"(None, 10, None)",90,0.25555555555555554,0.044444444444444446,0.03333333333333333,0.011111111111111112
True,SASRec,steam,8192,10,0,0.5,"('replace', 'swap', 'add', 'delete', 'shuffle', 'reverse')",True,0.5,0.7,1,"(1, 1, 1)",targeted,True,0.5,10,Indie,True,random,True,"(None, 10, None)",90,0.2,0.5111111111111111,0.4888888888888889,0.5111111111111111
True,SASRec,steam,8192,10,0,0.5,"('replace', 'swap', 'add', 'delete', 'shuffle', 'reverse')",True,0.5,0.7,1,"(1, 1, 1)",targeted,True,0.5,10,NaN,False,random,False,"(None, 10, None)",90,1.0,1.0,1.0,1.0
True,SASRec,steam,8192,10,0,0.5,"('replace', 'swap', 'add', 'delete', 'shuffle', 'reverse')",True,0.5,0.7,1,"(1, 1, 1)",targeted,True,0.5,10,NaN,False,random,True,"(None, 10, None)",90,1.0,1.0,1.0,1.0
True,SASRec,steam,8192,10,0,0.5,"('replace', 'swap', 'add', 'delete', 'shuffle', 'reverse')",True,0.5,0.7,1,"(1, 1, 1)",targeted,True,0.5,10,Photo Editing,True,random,True,"(None, 10, None)",90,0.0,0.0,0.0,0.0
True,SASRec,steam,8192,10,0,0.5,"('replace', 'swap', 'add', 'delete', 'shuffle', 'reverse')",True,0.5,0.7,1,"(1, 1, 1)",targeted,True,0.5,10,Sports,True,random,True,"(None, 10, None)",90,0.011111111111111112,0.0,0.0,0.0
True,SASRec,steam,8192,10,0,0.5,"('replace', 'swap', 'add', 'delete', 'shuffle', 'reverse')",True,0.5,0.7,1,"(1, 1, 1)",targeted,True,0.5,15,35140,True,random,False,"(None, 10, None)",92,0.0,0.0,0.0,0.0
True,SASRec,steam,8192,10,0,0.5,"('replace', 'swap', 'add', 'delete', 'shuffle', 'reverse')",True,0.5,0.7,1,"(1, 1, 1)",targeted,True,0.5,15,271590,True,random,False,"(None, 10, None)",92,0.0,0.0,0.0,0.0
True,SASRec,steam,8192,10,0,0.5,"('replace', 'swap', 'add', 'delete', 'shuffle', 'reverse')",True,0.5,0.7,1,"(1, 1, 1)",targeted,True,0.5,15,292140,True,random,False,"(None, 10, None)",92,0.0,0.0,0.0,0.0
True,SASRec,steam,8192,10,0,0.5,"('replace', 'swap', 'add', 'delete', 'shuffle', 'reverse')",True,0.5,0.7,1,"(1, 1, 1)",targeted,True,0.5,15,582160,True,random,False,"(None, 10, None)",92,0.0,0.0,0.0,0.0
True,SASRec,steam,8192,10,0,0.5,"('replace', 'swap', 'add', 'delete', 'shuffle', 'reverse')",True,0.5,0.7,1,"(1, 1, 1)",targeted,True,0.5,15,Action,True,random,True,"(None, 10, None)",92,0.8043478260869565,0.9021739130434783,0.9456521739130435,0.967391304347826
True,SASRec,steam,8192,10,0,0.5,"('replace', 'swap', 'add', 'delete', 'shuffle', 'reverse')",True,0.5,0.7,1,"(1, 1, 1)",targeted,True,0.5,15,Free to Play,True,random,True,"(None, 10, None)",92,0.1956521739130435,0.07608695652173914,0.010869565217391304,0.010869565217391304
True,SASRec,steam,8192,10,0,0.5,"('replace', 'swap', 'add', 'delete', 'shuffle', 'reverse')",True,0.5,0.7,1,"(1, 1, 1)",targeted,True,0.5,15,Indie,True,random,True,"(None, 10, None)",92,0.21739130434782608,0.42391304347826086,0.532608695652174,0.5434782608695652
True,SASRec,steam,8192,10,0,0.5,"('replace', 'swap', 'add', 'delete', 'shuffle', 'reverse')",True,0.5,0.7,1,"(1, 1, 1)",targeted,True,0.5,15,NaN,False,random,False,"(None, 10, None)",92,1.0,1.0,1.0,1.0
True,SASRec,steam,8192,10,0,0.5,"('replace', 'swap', 'add', 'delete', 'shuffle', 'reverse')",True,0.5,0.7,1,"(1, 1, 1)",targeted,True,0.5,15,NaN,False,random,True,"(None, 10, None)",92,1.0,1.0,1.0,1.0
True,SASRec,steam,8192,10,0,0.5,"('replace', 'swap', 'add', 'delete', 'shuffle', 'reverse')",True,0.5,0.7,1,"(1, 1, 1)",targeted,True,0.5,15,Photo Editing,True,random,True,"(None, 10, None)",92,0.0,0.0,0.0,0.0
True,SASRec,steam,8192,10,0,0.5,"('replace', 'swap', 'add', 'delete', 'shuffle', 'reverse')",True,0.5,0.7,1,"(1, 1, 1)",targeted,True,0.5,15,Sports,True,random,True,"(None, 10, None)",92,0.010869565217391304,0.0,0.0,0.0
True,SASRec,steam,8192,10,0,0.5,"('replace', 'swap', 'add', 'delete', 'shuffle', 'reverse')",True,0.5,0.7,1,"(1, 1, 1)",targeted,True,0.5,101,35140,True,random,False,"(None, 10, None)",104,0.0,0.0,0.0,0.0
True,SASRec,steam,8192,10,0,0.5,"('replace', 'swap', 'add', 'delete', 'shuffle', 'reverse')",True,0.5,0.7,1,"(1, 1, 1)",targeted,True,0.5,101,271590,True,random,False,"(None, 10, None)",104,0.0,0.0,0.0,0.0
True,SASRec,steam,8192,10,0,0.5,"('replace', 'swap', 'add', 'delete', 'shuffle', 'reverse')",True,0.5,0.7,1,"(1, 1, 1)",targeted,True,0.5,101,292140,True,random,False,"(None, 10, None)",104,0.0,0.0,0.0,0.0
True,SASRec,steam,8192,10,0,0.5,"('replace', 'swap', 'add', 'delete', 'shuffle', 'reverse')",True,0.5,0.7,1,"(1, 1, 1)",targeted,True,0.5,101,582160,True,random,False,"(None, 10, None)",104,0.0,0.0,0.0,0.0
True,SASRec,steam,8192,10,0,0.5,"('replace', 'swap', 'add', 'delete', 'shuffle', 'reverse')",True,0.5,0.7,1,"(1, 1, 1)",targeted,True,0.5,101,Action,True,random,True,"(None, 10, None)",104,0.875,0.9326923076923077,0.9903846153846154,1.0
True,SASRec,steam,8192,10,0,0.5,"('replace', 'swap', 'add', 'delete', 'shuffle', 'reverse')",True,0.5,0.7,1,"(1, 1, 1)",targeted,True,0.5,101,Free to Play,True,random,True,"(None, 10, None)",104,0.25,0.0673076923076923,0.009615384615384616,0.009615384615384616
True,SASRec,steam,8192,10,0,0.5,"('replace', 'swap', 'add', 'delete', 'shuffle', 'reverse')",True,0.5,0.7,1,"(1, 1, 1)",targeted,True,0.5,101,Indie,True,random,True,"(None, 10, None)",104,0.20192307692307693,0.4423076923076923,0.5480769230769231,0.4519230769230769
True,SASRec,steam,8192,10,0,0.5,"('replace', 'swap', 'add', 'delete', 'shuffle', 'reverse')",True,0.5,0.7,1,"(1, 1, 1)",targeted,True,0.5,101,NaN,False,random,False,"(None, 10, None)",104,1.0,1.0,1.0,1.0
True,SASRec,steam,8192,10,0,0.5,"('replace', 'swap', 'add', 'delete', 'shuffle', 'reverse')",True,0.5,0.7,1,"(1, 1, 1)",targeted,True,0.5,101,NaN,False,random,True,"(None, 10, None)",104,1.0,1.0,1.0,1.0
True,SASRec,steam,8192,10,0,0.5,"('replace', 'swap', 'add', 'delete', 'shuffle', 'reverse')",True,0.5,0.7,1,"(1, 1, 1)",targeted,True,0.5,101,Photo Editing,True,random,True,"(None, 10, None)",104,0.0,0.0,0.0,0.0
True,SASRec,steam,8192,10,0,0.5,"('replace', 'swap', 'add', 'delete', 'shuffle', 'reverse')",True,0.5,0.7,1,"(1, 1, 1)",targeted,True,0.5,101,Sports,True,random,True,"(None, 10, None)",104,0.0,0.0,0.0,0.0
