determinism,model,dataset,pop_size,generations,halloffame_ratio,fitness_alpha,allowed_mutations,include_sink,mut_prob,crossover_prob,genetic_topk,mutation_params,generation_strategy,ignore_genetic_split,jaccard_threshold,split,gen_target_y@1,fidelity_score@1,count,fidelity_score@5,fidelity_score@10,fidelity_score@20,fidelity_gen_score@1,fidelity_gen_score@5,fidelity_gen_score@10,fidelity_gen_score@20
True,BERT4Rec,ml-100k,2048,10,0,0.5,"('replace', 'swap', 'add', 'delete', 'shuffle', 'reverse')",True,0.5,0.7,1,"(1, 1, 1)",targeted,True,0.5,"(None, 10, 0)",{0},0.58,200,0.51,0.44,0.365,1.0,0.745,0.615,0.46
True,BERT4Rec,ml-100k,2048,10,0,0.5,"('replace', 'swap', 'add', 'delete', 'shuffle', 'reverse')",True,0.5,0.7,1,"(1, 1, 1)",targeted,True,0.5,"(None, 10, 0)",{1},0.39,200,0.275,0.16,0.095,1.0,0.555,0.325,0.18
True,BERT4Rec,ml-100k,2048,10,0,0.5,"('replace', 'swap', 'add', 'delete', 'shuffle', 'reverse')",True,0.5,0.7,1,"(1, 1, 1)",targeted,True,0.5,"(None, 10, 0)",{2},0.6,5,0.0,0.0,0.2,1.0,0.6,0.2,0.2
True,BERT4Rec,ml-100k,2048,10,0,0.5,"('replace', 'swap', 'add', 'delete', 'shuffle', 'reverse')",True,0.5,0.7,1,"(1, 1, 1)",targeted,True,0.5,"(None, 10, 5)",{0},0.445,200,0.45,0.415,0.335,1.0,0.745,0.615,0.46
True,BERT4Rec,ml-100k,2048,10,0,0.5,"('replace', 'swap', 'add', 'delete', 'shuffle', 'reverse')",True,0.5,0.7,1,"(1, 1, 1)",targeted,True,0.5,"(None, 10, 5)",{1},0.285,200,0.195,0.13,0.09,1.0,0.555,0.325,0.18
True,BERT4Rec,ml-100k,2048,10,0,0.5,"('replace', 'swap', 'add', 'delete', 'shuffle', 'reverse')",True,0.5,0.7,1,"(1, 1, 1)",targeted,True,0.5,"(None, 10, 5)",{2},0.0,5,0.0,0.0,0.0,1.0,0.6,0.2,0.2
True,BERT4Rec,ml-100k,2048,10,0,0.5,"('replace', 'swap', 'add', 'delete', 'shuffle', 'reverse')",True,0.5,0.7,1,"(1, 1, 1)",targeted,True,0.5,"(None, 5, 0)",{0},0.575,200,0.51,0.44,0.365,1.0,0.745,0.615,0.46
True,BERT4Rec,ml-100k,2048,10,0,0.5,"('replace', 'swap', 'add', 'delete', 'shuffle', 'reverse')",True,0.5,0.7,1,"(1, 1, 1)",targeted,True,0.5,"(None, 5, 0)",{1},0.41,200,0.29,0.165,0.095,1.0,0.555,0.325,0.18
True,BERT4Rec,ml-100k,2048,10,0,0.5,"('replace', 'swap', 'add', 'delete', 'shuffle', 'reverse')",True,0.5,0.7,1,"(1, 1, 1)",targeted,True,0.5,"(None, 5, 0)",{2},0.2,5,0.0,0.0,0.2,1.0,0.6,0.2,0.2
True,BERT4Rec,ml-100k,2048,10,0,0.5,"('replace', 'swap', 'add', 'delete', 'shuffle', 'reverse')",True,0.5,0.7,1,"(1, 1, 1)",targeted,True,0.5,"(None, 5, 5)",{0},0.445,200,0.46,0.405,0.335,1.0,0.745,0.615,0.46
True,BERT4Rec,ml-100k,2048,10,0,0.5,"('replace', 'swap', 'add', 'delete', 'shuffle', 'reverse')",True,0.5,0.7,1,"(1, 1, 1)",targeted,True,0.5,"(None, 5, 5)",{1},0.29,200,0.195,0.13,0.09,1.0,0.555,0.325,0.18
True,BERT4Rec,ml-100k,2048,10,0,0.5,"('replace', 'swap', 'add', 'delete', 'shuffle', 'reverse')",True,0.5,0.7,1,"(1, 1, 1)",targeted,True,0.5,"(None, 5, 5)",{2},0.0,5,0.0,0.0,0.0,1.0,0.6,0.2,0.2
True,BERT4Rec,ml-100k,2048,10,0,0.5,"('replace', 'swap', 'add', 'delete', 'shuffle', 'reverse')",True,0.5,0.7,1,"(1, 1, 1)",targeted,True,0.7,"(None, 1, 0)",{0},0.48,100,0.2,0.17,0.12,1.0,0.3,0.18,0.1
True,BERT4Rec,ml-100k,2048,10,0,0.5,"('replace', 'swap', 'add', 'delete', 'shuffle', 'reverse')",True,0.5,0.7,1,"(1, 1, 1)",targeted,True,0.7,"(None, 1, 0)",{10},0.17,100,0.07,0.04,0.06,0.94,0.07,0.06,0.09
True,BERT4Rec,ml-100k,2048,10,0,0.5,"('replace', 'swap', 'add', 'delete', 'shuffle', 'reverse')",True,0.5,0.7,1,"(1, 1, 1)",targeted,True,0.7,"(None, 1, 0)",{11},0.16,100,0.03,0.01,0.0,0.92,0.16,0.08,0.0
True,BERT4Rec,ml-100k,2048,10,0,0.5,"('replace', 'swap', 'add', 'delete', 'shuffle', 'reverse')",True,0.5,0.7,1,"(1, 1, 1)",targeted,True,0.7,"(None, 1, 0)",{12},0.14,100,0.0,0.0,0.0,1.0,0.05,0.0,0.0
True,BERT4Rec,ml-100k,2048,10,0,0.5,"('replace', 'swap', 'add', 'delete', 'shuffle', 'reverse')",True,0.5,0.7,1,"(1, 1, 1)",targeted,True,0.7,"(None, 1, 0)",{13},0.3181818181818182,66,0.10606060606060606,0.09090909090909091,0.045454545454545456,1.0,0.18181818181818182,0.10606060606060606,0.06060606060606061
True,BERT4Rec,ml-100k,2048,10,0,0.5,"('replace', 'swap', 'add', 'delete', 'shuffle', 'reverse')",True,0.5,0.7,1,"(1, 1, 1)",targeted,True,0.7,"(None, 1, 0)",{1},0.27,100,0.07,0.03,0.02,1.0,0.18,0.11,0.03
True,BERT4Rec,ml-100k,2048,10,0,0.5,"('replace', 'swap', 'add', 'delete', 'shuffle', 'reverse')",True,0.5,0.7,1,"(1, 1, 1)",targeted,True,0.7,"(None, 1, 0)",{2},0.17,100,0.06,0.04,0.01,0.85,0.2,0.13,0.05
True,BERT4Rec,ml-100k,2048,10,0,0.5,"('replace', 'swap', 'add', 'delete', 'shuffle', 'reverse')",True,0.5,0.7,1,"(1, 1, 1)",targeted,True,0.7,"(None, 1, 0)",{3},0.54,100,0.2,0.12,0.07,1.0,0.23,0.16,0.09
True,BERT4Rec,ml-100k,2048,10,0,0.5,"('replace', 'swap', 'add', 'delete', 'shuffle', 'reverse')",True,0.5,0.7,1,"(1, 1, 1)",targeted,True,0.7,"(None, 1, 0)",{5},0.13,100,0.01,0.0,0.0,1.0,0.08,0.0,0.0
True,BERT4Rec,ml-100k,2048,10,0,0.5,"('replace', 'swap', 'add', 'delete', 'shuffle', 'reverse')",True,0.5,0.7,1,"(1, 1, 1)",targeted,True,0.7,"(None, 1, 0)",{6},0.1,100,0.0,0.0,0.0,0.69,0.0,0.0,0.0
True,BERT4Rec,ml-100k,2048,10,0,0.5,"('replace', 'swap', 'add', 'delete', 'shuffle', 'reverse')",True,0.5,0.7,1,"(1, 1, 1)",targeted,True,0.7,"(None, 1, 0)",{7},0.49,100,0.23,0.13,0.05,1.0,0.34,0.16,0.07
True,BERT4Rec,ml-100k,2048,10,0,0.5,"('replace', 'swap', 'add', 'delete', 'shuffle', 'reverse')",True,0.5,0.7,1,"(1, 1, 1)",targeted,True,0.7,"(None, 1, 0)",{8},0.16,100,0.0,0.0,0.0,0.71,0.0,0.0,0.0
True,BERT4Rec,ml-100k,2048,10,0,0.5,"('replace', 'swap', 'add', 'delete', 'shuffle', 'reverse')",True,0.5,0.7,1,"(1, 1, 1)",targeted,True,0.7,"(None, 1, 0)",{9},0.09,100,0.0,0.0,0.0,0.78,0.0,0.0,0.0
True,BERT4Rec,ml-100k,2048,10,0,0.5,"('replace', 'swap', 'add', 'delete', 'shuffle', 'reverse')",True,0.5,0.7,1,"(1, 1, 1)",targeted,True,0.7,"(None, 10, 0)",{0},0.58,100,0.26,0.18,0.11,1.0,0.33,0.19,0.1
True,BERT4Rec,ml-100k,2048,10,0,0.5,"('replace', 'swap', 'add', 'delete', 'shuffle', 'reverse')",True,0.5,0.7,1,"(1, 1, 1)",targeted,True,0.7,"(None, 10, 0)",{10},0.29,100,0.06,0.02,0.04,0.95,0.07,0.06,0.09
True,BERT4Rec,ml-100k,2048,10,0,0.5,"('replace', 'swap', 'add', 'delete', 'shuffle', 'reverse')",True,0.5,0.7,1,"(1, 1, 1)",targeted,True,0.7,"(None, 10, 0)",{11},0.27,100,0.04,0.02,0.0,0.92,0.16,0.08,0.0
True,BERT4Rec,ml-100k,2048,10,0,0.5,"('replace', 'swap', 'add', 'delete', 'shuffle', 'reverse')",True,0.5,0.7,1,"(1, 1, 1)",targeted,True,0.7,"(None, 10, 0)",{12},0.18,100,0.0,0.0,0.0,1.0,0.05,0.0,0.0
True,BERT4Rec,ml-100k,2048,10,0,0.5,"('replace', 'swap', 'add', 'delete', 'shuffle', 'reverse')",True,0.5,0.7,1,"(1, 1, 1)",targeted,True,0.7,"(None, 10, 0)",{13},0.5957446808510638,47,0.14893617021276595,0.1276595744680851,0.10638297872340426,1.0,0.1702127659574468,0.1276595744680851,0.0425531914893617
True,BERT4Rec,ml-100k,2048,10,0,0.5,"('replace', 'swap', 'add', 'delete', 'shuffle', 'reverse')",True,0.5,0.7,1,"(1, 1, 1)",targeted,True,0.7,"(None, 10, 0)",{1},0.32,100,0.09,0.03,0.02,1.0,0.18,0.11,0.03
True,BERT4Rec,ml-100k,2048,10,0,0.5,"('replace', 'swap', 'add', 'delete', 'shuffle', 'reverse')",True,0.5,0.7,1,"(1, 1, 1)",targeted,True,0.7,"(None, 10, 0)",{2},0.24,100,0.08,0.03,0.01,0.88,0.2,0.12,0.03
True,BERT4Rec,ml-100k,2048,10,0,0.5,"('replace', 'swap', 'add', 'delete', 'shuffle', 'reverse')",True,0.5,0.7,1,"(1, 1, 1)",targeted,True,0.7,"(None, 10, 0)",{3},0.56,100,0.21,0.15,0.08,1.0,0.23,0.16,0.09
True,BERT4Rec,ml-100k,2048,10,0,0.5,"('replace', 'swap', 'add', 'delete', 'shuffle', 'reverse')",True,0.5,0.7,1,"(1, 1, 1)",targeted,True,0.7,"(None, 10, 0)",{5},0.31,100,0.02,0.0,0.0,1.0,0.08,0.0,0.0
True,BERT4Rec,ml-100k,2048,10,0,0.5,"('replace', 'swap', 'add', 'delete', 'shuffle', 'reverse')",True,0.5,0.7,1,"(1, 1, 1)",targeted,True,0.7,"(None, 10, 0)",{6},0.13,100,0.0,0.0,0.0,0.69,0.0,0.0,0.0
True,BERT4Rec,ml-100k,2048,10,0,0.5,"('replace', 'swap', 'add', 'delete', 'shuffle', 'reverse')",True,0.5,0.7,1,"(1, 1, 1)",targeted,True,0.7,"(None, 10, 0)",{7},0.59,100,0.26,0.12,0.05,1.0,0.34,0.16,0.07
True,BERT4Rec,ml-100k,2048,10,0,0.5,"('replace', 'swap', 'add', 'delete', 'shuffle', 'reverse')",True,0.5,0.7,1,"(1, 1, 1)",targeted,True,0.7,"(None, 10, 0)",{8},0.18,100,0.0,0.0,0.0,0.71,0.0,0.0,0.0
True,BERT4Rec,ml-100k,2048,10,0,0.5,"('replace', 'swap', 'add', 'delete', 'shuffle', 'reverse')",True,0.5,0.7,1,"(1, 1, 1)",targeted,True,0.7,"(None, 10, 0)",{9},0.1,100,0.0,0.0,0.0,0.78,0.0,0.0,0.0
True,BERT4Rec,ml-100k,2048,10,0,0.5,"('replace', 'swap', 'add', 'delete', 'shuffle', 'reverse')",True,0.5,0.7,1,"(1, 1, 1)",targeted,True,0.7,"(None, 10, 5)",{0},0.45,100,0.2,0.16,0.1,1.0,0.33,0.19,0.1
True,BERT4Rec,ml-100k,2048,10,0,0.5,"('replace', 'swap', 'add', 'delete', 'shuffle', 'reverse')",True,0.5,0.7,1,"(1, 1, 1)",targeted,True,0.7,"(None, 10, 5)",{1},0.25,100,0.09,0.04,0.02,1.0,0.18,0.11,0.03
True,BERT4Rec,ml-100k,2048,10,0,0.5,"('replace', 'swap', 'add', 'delete', 'shuffle', 'reverse')",True,0.5,0.7,1,"(1, 1, 1)",targeted,True,0.7,"(None, 10, 5)",{2},0.0,3,0.0,0.0,0.0,1.0,0.0,0.0,0.0
True,BERT4Rec,ml-100k,2048,10,0,0.5,"('replace', 'swap', 'add', 'delete', 'shuffle', 'reverse')",True,0.5,0.7,1,"(1, 1, 1)",targeted,True,0.7,"(None, 5, 0)",{0},0.58,100,0.26,0.18,0.11,1.0,0.33,0.19,0.1
True,BERT4Rec,ml-100k,2048,10,0,0.5,"('replace', 'swap', 'add', 'delete', 'shuffle', 'reverse')",True,0.5,0.7,1,"(1, 1, 1)",targeted,True,0.7,"(None, 5, 0)",{1},0.36,100,0.1,0.03,0.02,1.0,0.18,0.11,0.03
True,BERT4Rec,ml-100k,2048,10,0,0.5,"('replace', 'swap', 'add', 'delete', 'shuffle', 'reverse')",True,0.5,0.7,1,"(1, 1, 1)",targeted,True,0.7,"(None, 5, 0)",{2},0.0,3,0.0,0.0,0.0,1.0,0.0,0.0,0.0
True,BERT4Rec,ml-100k,2048,10,0,0.5,"('replace', 'swap', 'add', 'delete', 'shuffle', 'reverse')",True,0.5,0.7,1,"(1, 1, 1)",targeted,True,0.7,"(None, 5, 5)",{0},0.44,100,0.2,0.16,0.1,1.0,0.33,0.19,0.1
True,BERT4Rec,ml-100k,2048,10,0,0.5,"('replace', 'swap', 'add', 'delete', 'shuffle', 'reverse')",True,0.5,0.7,1,"(1, 1, 1)",targeted,True,0.7,"(None, 5, 5)",{1},0.25,100,0.09,0.04,0.02,1.0,0.18,0.11,0.03
True,BERT4Rec,ml-100k,2048,10,0,0.5,"('replace', 'swap', 'add', 'delete', 'shuffle', 'reverse')",True,0.5,0.7,1,"(1, 1, 1)",targeted,True,0.7,"(None, 5, 5)",{2},0.0,3,0.0,0.0,0.0,1.0,0.0,0.0,0.0
True,BERT4Rec,ml-100k,2048,10,0,0.5,"('replace', 'swap', 'add', 'delete', 'shuffle', 'reverse')",True,0.5,0.7,1,"(2, 2, 2)",targeted,True,0.5,"(None, 10, 0)",{0},0.52,100,0.52,0.38,0.31,1.0,0.79,0.57,0.41
True,BERT4Rec,ml-100k,2048,10,0,0.5,"('replace', 'swap', 'add', 'delete', 'shuffle', 'reverse')",True,0.5,0.7,1,"(2, 2, 2)",targeted,True,0.5,"(None, 10, 0)",{1},0.375,16,0.0625,0.0625,0.0625,1.0,0.6875,0.375,0.1875
True,BERT4Rec,ml-100k,2048,10,0,0.5,"('replace', 'swap', 'add', 'delete', 'shuffle', 'reverse')",True,0.5,0.7,1,"(3, 3, 3)",targeted,True,0.5,"(None, 10, 0)",{0},0.49,100,0.5,0.38,0.29,1.0,0.69,0.61,0.42
True,BERT4Rec,ml-100k,2048,10,0,0.5,"('replace', 'swap', 'add', 'delete', 'shuffle', 'reverse')",True,0.5,0.7,5,"(1, 1, 1)",targeted,True,0.5,"(None, 10, 0)",{0},0.55,100,0.5,0.39,0.31,1.0,0.73,0.56,0.34
True,BERT4Rec,ml-100k,2048,10,0,0.5,"('replace', 'swap', 'add', 'delete', 'shuffle', 'reverse')",True,0.5,0.7,5,"(1, 1, 1)",targeted,True,0.5,"(None, 10, 0)",{1},0.31958762886597936,97,0.21649484536082475,0.14432989690721648,0.10309278350515463,1.0,0.6082474226804123,0.32989690721649484,0.2268041237113402
True,BERT4Rec,ml-100k,2048,10,0,0.7,"('replace', 'swap', 'add', 'delete', 'shuffle', 'reverse')",True,0.5,0.7,1,"(1, 1, 1)",targeted,True,0.5,"(0, None, 0)",{0},0.62,100,0.52,0.4,0.31,1.0,0.74,0.57,0.43
True,BERT4Rec,ml-100k,2048,10,0,0.7,"('replace', 'swap', 'add', 'delete', 'shuffle', 'reverse')",True,0.5,0.7,1,"(1, 1, 1)",targeted,True,0.5,"(None, 10, 0)",{0},0.62,100,0.52,0.4,0.31,1.0,0.74,0.57,0.43
True,BERT4Rec,ml-100k,2048,10,0,0.7,"('replace', 'swap', 'add', 'delete', 'shuffle', 'reverse')",True,0.5,0.7,1,"(1, 1, 1)",targeted,True,0.5,"(None, 10, 0)",{1},0.36,100,0.26,0.17,0.12,1.0,0.59,0.37,0.25
True,BERT4Rec,ml-100k,2048,10,0,0.7,"('replace', 'swap', 'add', 'delete', 'shuffle', 'reverse')",True,0.5,0.7,1,"(1, 1, 1)",targeted,True,0.5,"(None, 10, 0)",{2},0.16883116883116883,77,0.07792207792207792,0.025974025974025976,0.025974025974025976,0.8311688311688312,0.4025974025974026,0.24675324675324675,0.15584415584415584
True,BERT4Rec,ml-100k,2048,10,0,0.85,"('replace', 'swap', 'add', 'delete', 'shuffle', 'reverse')",True,0.5,0.7,1,"(1, 1, 1)",targeted,True,0.5,"(None, 10, 0)",{0},0.5,100,0.49,0.33,0.27,1.0,0.77,0.6,0.45
True,BERT4Rec,ml-100k,2048,20,0,0.5,"('replace', 'swap', 'add', 'delete', 'shuffle', 'reverse')",True,0.2,0.2,1,"(1, 1, 1)",targeted,True,0.5,"(None, 10, 0)",{0},0.47,100,0.5,0.39,0.31,1.0,0.77,0.6,0.47
True,BERT4Rec,ml-100k,2048,20,0,0.5,"('replace', 'swap', 'add', 'delete', 'shuffle', 'reverse')",True,0.2,0.2,1,"(1, 1, 1)",targeted,True,0.5,"(None, 10, 0)",{10},0.28,100,0.11,0.06,0.05,0.92,0.29,0.18,0.15
True,BERT4Rec,ml-100k,2048,20,0,0.5,"('replace', 'swap', 'add', 'delete', 'shuffle', 'reverse')",True,0.2,0.2,1,"(1, 1, 1)",targeted,True,0.5,"(None, 10, 0)",{11},0.25,100,0.13,0.09,0.04,0.9,0.42,0.18,0.12
True,BERT4Rec,ml-100k,2048,20,0,0.5,"('replace', 'swap', 'add', 'delete', 'shuffle', 'reverse')",True,0.2,0.2,1,"(1, 1, 1)",targeted,True,0.5,"(None, 10, 0)",{12},0.24,100,0.07,0.02,0.0,1.0,0.31,0.04,0.0
True,BERT4Rec,ml-100k,2048,20,0,0.5,"('replace', 'swap', 'add', 'delete', 'shuffle', 'reverse')",True,0.2,0.2,1,"(1, 1, 1)",targeted,True,0.5,"(None, 10, 0)",{13},0.38,100,0.36,0.19,0.11,1.0,0.58,0.32,0.19
True,BERT4Rec,ml-100k,2048,20,0,0.5,"('replace', 'swap', 'add', 'delete', 'shuffle', 'reverse')",True,0.2,0.2,1,"(1, 1, 1)",targeted,True,0.5,"(None, 10, 0)",{14},0.3,100,0.21,0.13,0.06,1.0,0.51,0.29,0.13
True,BERT4Rec,ml-100k,2048,20,0,0.5,"('replace', 'swap', 'add', 'delete', 'shuffle', 'reverse')",True,0.2,0.2,1,"(1, 1, 1)",targeted,True,0.5,"(None, 10, 0)",{15},0.41,100,0.32,0.2,0.15,1.0,0.5,0.34,0.22
True,BERT4Rec,ml-100k,2048,20,0,0.5,"('replace', 'swap', 'add', 'delete', 'shuffle', 'reverse')",True,0.2,0.2,1,"(1, 1, 1)",targeted,True,0.5,"(None, 10, 0)",{16},0.3,100,0.16,0.04,0.02,0.96,0.3,0.12,0.02
True,BERT4Rec,ml-100k,2048,20,0,0.5,"('replace', 'swap', 'add', 'delete', 'shuffle', 'reverse')",True,0.2,0.2,1,"(1, 1, 1)",targeted,True,0.5,"(None, 10, 0)",{17},0.17,100,0.03,0.0,0.0,0.64,0.09,0.02,0.0
True,BERT4Rec,ml-100k,2048,20,0,0.5,"('replace', 'swap', 'add', 'delete', 'shuffle', 'reverse')",True,0.2,0.2,1,"(1, 1, 1)",targeted,True,0.5,"(None, 10, 0)",{1},0.29,100,0.17,0.13,0.1,0.98,0.49,0.31,0.21
True,BERT4Rec,ml-100k,2048,20,0,0.5,"('replace', 'swap', 'add', 'delete', 'shuffle', 'reverse')",True,0.2,0.2,1,"(1, 1, 1)",targeted,True,0.5,"(None, 10, 0)",{2},0.14,100,0.11,0.05,0.01,0.83,0.34,0.23,0.14
True,BERT4Rec,ml-100k,2048,20,0,0.5,"('replace', 'swap', 'add', 'delete', 'shuffle', 'reverse')",True,0.2,0.2,1,"(1, 1, 1)",targeted,True,0.5,"(None, 10, 0)",{3},0.55,100,0.41,0.35,0.25,1.0,0.56,0.44,0.37
True,BERT4Rec,ml-100k,2048,20,0,0.5,"('replace', 'swap', 'add', 'delete', 'shuffle', 'reverse')",True,0.2,0.2,1,"(1, 1, 1)",targeted,True,0.5,"(None, 10, 0)",{5},0.22,100,0.12,0.03,0.0,1.0,0.4,0.18,0.0
True,BERT4Rec,ml-100k,2048,20,0,0.5,"('replace', 'swap', 'add', 'delete', 'shuffle', 'reverse')",True,0.2,0.2,1,"(1, 1, 1)",targeted,True,0.5,"(None, 10, 0)",{6},0.08,100,0.0,0.0,0.0,0.59,0.0,0.0,0.0
True,BERT4Rec,ml-100k,2048,20,0,0.5,"('replace', 'swap', 'add', 'delete', 'shuffle', 'reverse')",True,0.2,0.2,1,"(1, 1, 1)",targeted,True,0.5,"(None, 10, 0)",{7},0.43,100,0.39,0.34,0.3,1.0,0.67,0.54,0.44
True,BERT4Rec,ml-100k,2048,20,0,0.5,"('replace', 'swap', 'add', 'delete', 'shuffle', 'reverse')",True,0.2,0.2,1,"(1, 1, 1)",targeted,True,0.5,"(None, 10, 0)",{8},0.21,100,0.07,0.01,0.0,0.6,0.16,0.01,0.0
True,BERT4Rec,ml-100k,2048,20,0,0.5,"('replace', 'swap', 'add', 'delete', 'shuffle', 'reverse')",True,0.2,0.2,1,"(1, 1, 1)",targeted,True,0.5,"(None, 10, 0)",{9},0.14,100,0.03,0.0,0.0,0.65,0.21,0.0,0.0
True,BERT4Rec,ml-100k,2048,20,0,0.5,"('replace', 'swap', 'add', 'delete', 'shuffle', 'reverse')",True,0.5,0.2,1,"(1, 1, 1)",targeted,True,0.5,"(None, 10, 0)",{0},0.5,100,0.49,0.35,0.29,1.0,0.7,0.54,0.4
True,BERT4Rec,ml-100k,2048,20,0,0.5,"('replace', 'swap', 'add', 'delete', 'shuffle', 'reverse')",True,0.5,0.2,1,"(1, 1, 1)",targeted,True,0.5,"(None, 10, 0)",{1},0.32,100,0.27,0.18,0.11,1.0,0.61,0.34,0.17
True,BERT4Rec,ml-100k,2048,20,0,0.5,"('replace', 'swap', 'add', 'delete', 'shuffle', 'reverse')",True,0.5,0.2,1,"(1, 1, 1)",targeted,True,0.5,"(None, 10, 0)",{2},0.28,100,0.17,0.15,0.11,0.9,0.39,0.31,0.17
True,BERT4Rec,ml-100k,2048,20,0,0.5,"('replace', 'swap', 'add', 'delete', 'shuffle', 'reverse')",True,0.5,0.2,1,"(1, 1, 1)",targeted,True,0.5,"(None, 10, 0)",{3},0.6,100,0.46,0.4,0.28,1.0,0.56,0.43,0.33
True,BERT4Rec,ml-100k,2048,20,0,0.5,"('replace', 'swap', 'add', 'delete', 'shuffle', 'reverse')",True,0.5,0.2,1,"(1, 1, 1)",targeted,True,0.5,"(None, 10, 0)",{5},0.33,100,0.18,0.07,0.01,1.0,0.41,0.18,0.01
True,BERT4Rec,ml-100k,2048,20,0,0.5,"('replace', 'swap', 'add', 'delete', 'shuffle', 'reverse')",True,0.5,0.2,1,"(1, 1, 1)",targeted,True,0.5,"(None, 10, 0)",{6},0.11235955056179775,89,0.0,0.0,0.0,0.797752808988764,0.0,0.0,0.0
True,BERT4Rec,ml-100k,2048,20,0,0.5,"('replace', 'swap', 'add', 'delete', 'shuffle', 'reverse')",True,0.5,0.7,1,"(1, 1, 1)",targeted,True,0.5,"(None, 10, 0)",{0},0.53,100,0.53,0.38,0.32,1.0,0.74,0.54,0.44
True,BERT4Rec,ml-100k,2048,20,0,0.5,"('replace', 'swap', 'add', 'delete', 'shuffle', 'reverse')",True,0.5,0.7,1,"(1, 1, 1)",targeted,True,0.5,"(None, 10, 0)",{1},0.3333333333333333,12,0.16666666666666666,0.08333333333333333,0.08333333333333333,1.0,0.3333333333333333,0.3333333333333333,0.25
True,BERT4Rec,ml-100k,2048,20,0,0.5,"('replace', 'swap', 'add', 'delete', 'shuffle', 'reverse')",True,0.5,0.7,1,"(2, 2, 2)",targeted,True,0.5,"(None, 10, 0)",{0},0.5,2,0.5,0.5,0.0,1.0,1.0,1.0,0.0
True,BERT4Rec,ml-100k,2048,20,0,0.7,"('replace', 'swap', 'add', 'delete', 'shuffle', 'reverse')",True,0.5,0.7,1,"(1, 1, 1)",targeted,True,0.5,"(None, 10, 0)",{0},0.55,100,0.48,0.38,0.29,1.0,0.79,0.58,0.47
True,BERT4Rec,ml-100k,2048,30,0,0.5,"('replace', 'swap', 'add', 'delete', 'shuffle', 'reverse')",True,0.5,0.7,1,"(1, 1, 1)",targeted,True,0.5,"(None, 10, 0)",{0},0.51,100,0.43,0.35,0.3,1.0,0.75,0.57,0.46
True,BERT4Rec,ml-100k,2048,30,0,0.5,"('replace', 'swap', 'add', 'delete', 'shuffle', 'reverse')",True,0.5,0.7,1,"(1, 1, 1)",targeted,True,0.5,"(None, 10, 0)",{1},0.4,35,0.2571428571428571,0.14285714285714285,0.11428571428571428,1.0,0.6,0.3142857142857143,0.2
True,BERT4Rec,ml-100k,4096,10,0,0.5,"('replace', 'swap', 'add', 'delete', 'shuffle', 'reverse')",True,0.5,0.7,1,"(1, 1, 1)",targeted,True,0.7,"(None, 10, 0)",{0},0.56,100,0.24,0.16,0.11,1.0,0.37,0.22,0.13
True,BERT4Rec,ml-100k,4096,10,0,0.5,"('replace', 'swap', 'add', 'delete', 'shuffle', 'reverse')",True,0.5,0.7,1,"(1, 1, 1)",targeted,True,0.7,"(None, 10, 0)",{1},0.33,100,0.09,0.04,0.03,1.0,0.22,0.11,0.03
True,BERT4Rec,ml-100k,4096,10,0,0.5,"('replace', 'swap', 'add', 'delete', 'shuffle', 'reverse')",True,0.5,0.7,1,"(1, 1, 1)",targeted,True,0.7,"(None, 10, 0)",{2},0.336734693877551,98,0.09183673469387756,0.04081632653061224,0.01020408163265306,0.9795918367346939,0.2653061224489796,0.15306122448979592,0.061224489795918366
True,BERT4Rec,ml-100k,4096,10,0,0.5,"('replace', 'swap', 'add', 'delete', 'shuffle', 'reverse')",True,0.5,0.7,1,"(1, 1, 1)",targeted,True,0.7,"(None, 10, 0)",{3},0.7096774193548387,31,0.1935483870967742,0.03225806451612903,0.03225806451612903,1.0,0.3225806451612903,0.06451612903225806,0.06451612903225806
True,BERT4Rec,ml-100k,4096,10,0,0.5,"('replace', 'swap', 'add', 'delete', 'shuffle', 'reverse')",True,0.5,0.7,1,"(1, 1, 1)",targeted,True,0.7,"(None, 10, 5)",{0},0.45,100,0.17,0.15,0.11,1.0,0.37,0.22,0.13
True,BERT4Rec,ml-100k,4096,10,0,0.5,"('replace', 'swap', 'add', 'delete', 'shuffle', 'reverse')",True,0.5,0.7,1,"(1, 1, 1)",targeted,True,0.7,"(None, 10, 5)",{1},0.34,100,0.09,0.05,0.03,1.0,0.22,0.11,0.03
True,BERT4Rec,ml-100k,4096,10,0,0.5,"('replace', 'swap', 'add', 'delete', 'shuffle', 'reverse')",True,0.5,0.7,1,"(1, 1, 1)",targeted,True,0.7,"(None, 10, 5)",{2},0.08163265306122448,98,0.02040816326530612,0.0,0.0,0.9795918367346939,0.2653061224489796,0.15306122448979592,0.061224489795918366
True,BERT4Rec,ml-100k,4096,10,0,0.5,"('replace', 'swap', 'add', 'delete', 'shuffle', 'reverse')",True,0.5,0.7,1,"(1, 1, 1)",targeted,True,0.7,"(None, 10, 5)",{3},0.5483870967741935,31,0.0967741935483871,0.0,0.0,1.0,0.3225806451612903,0.06451612903225806,0.06451612903225806
True,BERT4Rec,ml-100k,4096,10,0,0.5,"('replace', 'swap', 'add', 'delete', 'shuffle', 'reverse')",True,0.5,0.7,1,"(1, 1, 1)",targeted,True,0.7,"(None, 5, 0)",{0},0.57,100,0.24,0.16,0.11,1.0,0.37,0.22,0.13
True,BERT4Rec,ml-100k,4096,10,0,0.5,"('replace', 'swap', 'add', 'delete', 'shuffle', 'reverse')",True,0.5,0.7,1,"(1, 1, 1)",targeted,True,0.7,"(None, 5, 0)",{1},0.32,100,0.08,0.04,0.03,1.0,0.22,0.11,0.03
True,BERT4Rec,ml-100k,4096,10,0,0.5,"('replace', 'swap', 'add', 'delete', 'shuffle', 'reverse')",True,0.5,0.7,1,"(1, 1, 1)",targeted,True,0.7,"(None, 5, 0)",{2},0.336734693877551,98,0.09183673469387756,0.061224489795918366,0.02040816326530612,0.9795918367346939,0.2653061224489796,0.15306122448979592,0.061224489795918366
True,BERT4Rec,ml-100k,4096,10,0,0.5,"('replace', 'swap', 'add', 'delete', 'shuffle', 'reverse')",True,0.5,0.7,1,"(1, 1, 1)",targeted,True,0.7,"(None, 5, 0)",{3},0.7096774193548387,31,0.1935483870967742,0.03225806451612903,0.03225806451612903,1.0,0.3225806451612903,0.06451612903225806,0.06451612903225806
True,BERT4Rec,ml-100k,4096,10,0,0.5,"('replace', 'swap', 'add', 'delete', 'shuffle', 'reverse')",True,0.5,0.7,1,"(1, 1, 1)",targeted,True,0.7,"(None, 5, 5)",{0},0.45,100,0.17,0.15,0.11,1.0,0.37,0.22,0.13
True,BERT4Rec,ml-100k,4096,10,0,0.5,"('replace', 'swap', 'add', 'delete', 'shuffle', 'reverse')",True,0.5,0.7,1,"(1, 1, 1)",targeted,True,0.7,"(None, 5, 5)",{1},0.34,100,0.09,0.05,0.03,1.0,0.22,0.11,0.03
True,BERT4Rec,ml-100k,4096,10,0,0.5,"('replace', 'swap', 'add', 'delete', 'shuffle', 'reverse')",True,0.5,0.7,1,"(1, 1, 1)",targeted,True,0.7,"(None, 5, 5)",{2},0.09183673469387756,98,0.030612244897959183,0.01020408163265306,0.01020408163265306,0.9795918367346939,0.2653061224489796,0.15306122448979592,0.061224489795918366
True,BERT4Rec,ml-100k,4096,10,0,0.5,"('replace', 'swap', 'add', 'delete', 'shuffle', 'reverse')",True,0.5,0.7,1,"(1, 1, 1)",targeted,True,0.7,"(None, 5, 5)",{3},0.5806451612903226,31,0.0967741935483871,0.0,0.0,1.0,0.3225806451612903,0.06451612903225806,0.06451612903225806
True,BERT4Rec,ml-100k,4096,20,0,0.5,"('replace', 'swap', 'add', 'delete', 'shuffle', 'reverse')",True,0.5,0.7,1,"(1, 1, 1)",targeted,True,0.7,"(None, 10, 0)",{0},0.5172413793103449,58,0.22413793103448276,0.15517241379310345,0.13793103448275862,1.0,0.3448275862068966,0.1896551724137931,0.13793103448275862
True,BERT4Rec,ml-100k,4096,20,0,0.5,"('replace', 'swap', 'add', 'delete', 'shuffle', 'reverse')",True,0.5,0.7,1,"(1, 1, 1)",targeted,True,0.7,"(None, 10, 5)",{0},1.0,1,0.0,0.0,0.0,1.0,0.0,0.0,0.0
True,BERT4Rec,ml-100k,4096,20,0,0.5,"('replace', 'swap', 'add', 'delete', 'shuffle', 'reverse')",True,0.5,0.7,1,"(1, 1, 1)",targeted,True,0.7,"(None, 5, 0)",{0},1.0,1,0.0,0.0,0.0,1.0,0.0,0.0,0.0
True,BERT4Rec,ml-100k,4096,20,0,0.5,"('replace', 'swap', 'add', 'delete', 'shuffle', 'reverse')",True,0.5,0.7,1,"(1, 1, 1)",targeted,True,0.7,"(None, 5, 5)",{0},1.0,1,0.0,0.0,0.0,1.0,0.0,0.0,0.0
True,BERT4Rec,ml-100k,8192,10,0,0.5,"('replace', 'swap', 'add', 'delete', 'shuffle', 'reverse')",True,0.5,0.7,1,"(1, 1, 1)",targeted,True,0.5,"(None, 10, 0)",{0},0.5225,400,0.495,0.4175,0.355,1.0,0.75,0.6225,0.51
True,BERT4Rec,ml-100k,8192,10,0,0.5,"('replace', 'swap', 'add', 'delete', 'shuffle', 'reverse')",True,0.5,0.7,1,"(1, 1, 1)",targeted,True,0.5,"(None, 10, 0)",{1},0.296875,320,0.21875,0.14375,0.103125,1.0,0.6125,0.346875,0.2
True,BERT4Rec,ml-100k,8192,10,0,0.5,"('replace', 'swap', 'add', 'delete', 'shuffle', 'reverse')",True,0.5,0.7,1,"(1, 1, 1)",targeted,True,0.5,"(None, 10, 5)",{0},0.48,200,0.435,0.385,0.3,1.0,0.75,0.625,0.5
True,BERT4Rec,ml-100k,8192,10,0,0.5,"('replace', 'swap', 'add', 'delete', 'shuffle', 'reverse')",True,0.5,0.7,1,"(1, 1, 1)",targeted,True,0.5,"(None, 5, 0)",{0},0.63,200,0.55,0.48,0.39,1.0,0.75,0.625,0.5
True,BERT4Rec,ml-100k,8192,10,0,0.5,"('replace', 'swap', 'add', 'delete', 'shuffle', 'reverse')",True,0.5,0.7,1,"(1, 1, 1)",targeted,True,0.5,"(None, 5, 5)",{0},0.46,200,0.44,0.385,0.3,1.0,0.75,0.625,0.5
True,BERT4Rec,ml-100k,8192,10,0,0.5,"('replace', 'swap', 'add', 'delete', 'shuffle', 'reverse')",True,0.5,0.7,1,"(1, 1, 1)",targeted,True,0.7,"(None, 10, 0)",{0},0.58,100,0.19,0.15,0.11,1.0,0.33,0.25,0.17
True,BERT4Rec,ml-100k,8192,10,0,0.5,"('replace', 'swap', 'add', 'delete', 'shuffle', 'reverse')",True,0.5,0.7,1,"(1, 1, 1)",targeted,True,0.7,"(None, 10, 0)",{1},0.44,100,0.11,0.07,0.03,1.0,0.18,0.1,0.03
True,BERT4Rec,ml-100k,8192,10,0,0.5,"('replace', 'swap', 'add', 'delete', 'shuffle', 'reverse')",True,0.5,0.7,1,"(1, 1, 1)",targeted,True,0.7,"(None, 10, 0)",{2},0.4,100,0.08,0.06,0.01,0.95,0.21,0.14,0.04
True,BERT4Rec,ml-100k,8192,10,0,0.5,"('replace', 'swap', 'add', 'delete', 'shuffle', 'reverse')",True,0.5,0.7,1,"(1, 1, 1)",targeted,True,0.7,"(None, 10, 0)",{3},0.7058823529411765,51,0.23529411764705882,0.09803921568627451,0.0784313725490196,1.0,0.21568627450980393,0.11764705882352941,0.0784313725490196
True,BERT4Rec,ml-100k,8192,10,0,0.7,"('replace', 'swap', 'add', 'delete', 'shuffle', 'reverse')",True,0.5,0.7,1,"(1, 1, 1)",targeted,True,0.5,"(None, 10, 0)",{0},0.585,200,0.49,0.41,0.355,1.0,0.745,0.56,0.485
True,BERT4Rec,ml-100k,8192,10,0,0.7,"('replace', 'swap', 'add', 'delete', 'shuffle', 'reverse')",True,0.5,0.7,1,"(1, 1, 1)",targeted,True,0.5,"(None, 10, 0)",{10},0.43,100,0.18,0.1,0.07,1.0,0.38,0.25,0.19
True,BERT4Rec,ml-100k,8192,10,0,0.7,"('replace', 'swap', 'add', 'delete', 'shuffle', 'reverse')",True,0.5,0.7,1,"(1, 1, 1)",targeted,True,0.5,"(None, 10, 0)",{11},0.34,100,0.18,0.12,0.07,0.97,0.41,0.21,0.11
True,BERT4Rec,ml-100k,8192,10,0,0.7,"('replace', 'swap', 'add', 'delete', 'shuffle', 'reverse')",True,0.5,0.7,1,"(1, 1, 1)",targeted,True,0.5,"(None, 10, 0)",{12},0.3,100,0.1,0.0,0.0,1.0,0.39,0.08,0.01
True,BERT4Rec,ml-100k,8192,10,0,0.7,"('replace', 'swap', 'add', 'delete', 'shuffle', 'reverse')",True,0.5,0.7,1,"(1, 1, 1)",targeted,True,0.5,"(None, 10, 0)",{13},0.53,100,0.44,0.27,0.11,1.0,0.56,0.27,0.19
True,BERT4Rec,ml-100k,8192,10,0,0.7,"('replace', 'swap', 'add', 'delete', 'shuffle', 'reverse')",True,0.5,0.7,1,"(1, 1, 1)",targeted,True,0.5,"(None, 10, 0)",{14},0.49,100,0.32,0.2,0.11,1.0,0.48,0.29,0.13
True,BERT4Rec,ml-100k,8192,10,0,0.7,"('replace', 'swap', 'add', 'delete', 'shuffle', 'reverse')",True,0.5,0.7,1,"(1, 1, 1)",targeted,True,0.5,"(None, 10, 0)",{15},0.54,100,0.38,0.2,0.17,1.0,0.53,0.34,0.19
True,BERT4Rec,ml-100k,8192,10,0,0.7,"('replace', 'swap', 'add', 'delete', 'shuffle', 'reverse')",True,0.5,0.7,1,"(1, 1, 1)",targeted,True,0.5,"(None, 10, 0)",{16},0.37,100,0.14,0.02,0.0,1.0,0.34,0.08,0.01
True,BERT4Rec,ml-100k,8192,10,0,0.7,"('replace', 'swap', 'add', 'delete', 'shuffle', 'reverse')",True,0.5,0.7,1,"(1, 1, 1)",targeted,True,0.5,"(None, 10, 0)",{17},0.18,100,0.04,0.0,0.0,0.92,0.13,0.01,0.0
True,BERT4Rec,ml-100k,8192,10,0,0.7,"('replace', 'swap', 'add', 'delete', 'shuffle', 'reverse')",True,0.5,0.7,1,"(1, 1, 1)",targeted,True,0.5,"(None, 10, 0)",{1},0.425,200,0.3,0.175,0.105,1.0,0.57,0.335,0.195
True,BERT4Rec,ml-100k,8192,10,0,0.7,"('replace', 'swap', 'add', 'delete', 'shuffle', 'reverse')",True,0.5,0.7,1,"(1, 1, 1)",targeted,True,0.5,"(None, 10, 0)",{2},0.245,200,0.165,0.13,0.085,0.965,0.47,0.28,0.19
True,BERT4Rec,ml-100k,8192,10,0,0.7,"('replace', 'swap', 'add', 'delete', 'shuffle', 'reverse')",True,0.5,0.7,1,"(1, 1, 1)",targeted,True,0.5,"(None, 10, 0)",{3},0.605,200,0.445,0.38,0.275,1.0,0.565,0.49,0.375
True,BERT4Rec,ml-100k,8192,10,0,0.7,"('replace', 'swap', 'add', 'delete', 'shuffle', 'reverse')",True,0.5,0.7,1,"(1, 1, 1)",targeted,True,0.5,"(None, 10, 0)",{5},0.37,200,0.15,0.06,0.005,1.0,0.37,0.075,0.01
True,BERT4Rec,ml-100k,8192,10,0,0.7,"('replace', 'swap', 'add', 'delete', 'shuffle', 'reverse')",True,0.5,0.7,1,"(1, 1, 1)",targeted,True,0.5,"(None, 10, 0)",{6},0.185,200,0.0,0.0,0.0,0.875,0.005,0.0,0.0
True,BERT4Rec,ml-100k,8192,10,0,0.7,"('replace', 'swap', 'add', 'delete', 'shuffle', 'reverse')",True,0.5,0.7,1,"(1, 1, 1)",targeted,True,0.5,"(None, 10, 0)",{7},0.62,200,0.515,0.43,0.36,1.0,0.645,0.525,0.42
True,BERT4Rec,ml-100k,8192,10,0,0.7,"('replace', 'swap', 'add', 'delete', 'shuffle', 'reverse')",True,0.5,0.7,1,"(1, 1, 1)",targeted,True,0.5,"(None, 10, 0)",{8},0.18478260869565216,184,0.05434782608695652,0.005434782608695652,0.0,0.8586956521739131,0.24456521739130435,0.03260869565217391,0.005434782608695652
True,BERT4Rec,ml-100k,8192,10,0,0.7,"('replace', 'swap', 'add', 'delete', 'shuffle', 'reverse')",True,0.5,0.7,1,"(1, 1, 1)",targeted,True,0.5,"(None, 10, 0)",{9},0.21,100,0.05,0.0,0.0,0.95,0.27,0.0,0.0
True,BERT4Rec,ml-100k,8192,10,0,0.85,"('replace', 'swap', 'add', 'delete', 'shuffle', 'reverse')",True,0.5,0.7,1,"(1, 1, 1)",targeted,True,0.5,"(None, 10, 0)",{0},0.4,5,0.4,0.0,0.0,1.0,0.4,0.2,0.2
True,BERT4Rec,ml-100k,8192,20,0,0.5,"('replace', 'swap', 'add', 'delete', 'shuffle', 'reverse')",True,0.5,0.7,1,"(1, 1, 1)",targeted,True,0.5,"(None, 10, 0)",{0},0.6891891891891891,74,0.6351351351351351,0.4594594594594595,0.40540540540540543,1.0,0.7297297297297297,0.5135135135135135,0.43243243243243246
True,BERT4Rec,ml-100k,8192,20,0,0.7,"('replace', 'swap', 'add', 'delete', 'shuffle', 'reverse')",True,0.5,0.7,1,"(1, 1, 1)",targeted,True,0.5,"(None, 10, 0)",{0},0.6,100,0.61,0.46,0.37,1.0,0.79,0.61,0.47
True,BERT4Rec,ml-100k,16384,10,0,0.7,"('replace', 'swap', 'add', 'delete', 'shuffle', 'reverse')",True,0.5,0.7,1,"(1, 1, 1)",targeted,True,0.5,"(None, 10, 0)",{0},0.5494505494505495,91,0.4835164835164835,0.4065934065934066,0.2857142857142857,1.0,0.7472527472527473,0.4945054945054945,0.3516483516483517
True,BERT4Rec,ml-100k,16384,20,0,0.7,"('replace', 'swap', 'add', 'delete', 'shuffle', 'reverse')",True,0.5,0.7,1,"(1, 1, 1)",targeted,True,0.5,"(None, 10, 0)",{0},0.69,100,0.63,0.45,0.38,1.0,0.76,0.56,0.44
True,BERT4Rec,ml-100k,32768,20,0,0.7,"('replace', 'swap', 'add', 'delete', 'shuffle', 'reverse')",True,0.5,0.7,1,"(1, 1, 1)",targeted,True,0.5,"(None, 10, 0)",{0},0.7083333333333334,24,0.5,0.3333333333333333,0.3333333333333333,1.0,0.7083333333333334,0.6666666666666666,0.4166666666666667
